SN HARMONISE,NATURE,PAYS,CODE CHARGEUR,OBSERVATIONS,agg_SN HARMONISE_mean,agg_SN HARMONISE_sum,agg_NATURE_mean,agg_NATURE_sum,agg_PAYS_mean,agg_PAYS_sum
0,0,1,1321,0,0.0,0,0.0,0,1.0,1
1,0,1,959,0,1.0,1,0.0,0,1.0,1
2,0,1,1988,0,2.0,2,0.0,0,1.0,1
3,0,1,1781,0,3.0,3,0.0,0,1.0,1
4,0,0,267,0,4.0,4,0.0,0,0.0,0
5,0,1,414,0,5.0,10,0.0,0,1.0,2
5,0,1,1552,0,5.0,10,0.0,0,1.0,2
6,0,1,744,0,6.0,6,0.0,0,1.0,1
7,0,1,24,0,7.0,7,0.0,0,1.0,1
8,1,1,1994,0,8.0,8,1.0,1,1.0,1
9,1,1,2077,0,9.0,9,1.0,1,1.0,1
10,0,1,8,0,10.0,10,0.0,0,1.0,1
11,0,1,1632,0,11.0,11,0.0,0,1.0,1
12,0,1,1694,0,12.0,12,0.0,0,1.0,1
13,0,1,294,0,13.0,13,0.0,0,1.0,1
14,0,1,1894,0,14.0,14,0.0,0,1.0,1
15,0,1,247,0,15.0,15,0.0,0,1.0,1
16,0,1,1566,0,16.0,16,0.0,0,1.0,1
17,0,1,1923,0,17.0,17,0.0,0,1.0,1
18,0,1,1933,0,18.0,18,0.0,0,1.0,1
19,0,1,1989,0,19.0,19,0.0,0,1.0,1
20,0,0,344,0,20.0,20,0.0,0,0.0,0
21,0,1,523,0,21.0,21,0.0,0,1.0,1
22,0,1,1274,0,22.0,22,0.0,0,1.0,1
23,0,2,19,0,23.0,23,0.0,0,2.0,2
24,0,1,215,0,24.0,24,0.0,0,1.0,1
25,1,1,2065,0,25.0,25,1.0,1,1.0,1
26,1,1,438,0,26.0,26,1.0,1,1.0,1
27,1,1,2063,0,27.0,27,1.0,1,1.0,1
28,1,1,424,0,28.0,28,1.0,1,1.0,1
29,1,1,861,0,29.0,29,1.0,1,1.0,1
30,1,1,1384,0,30.0,30,1.0,1,1.0,1
31,1,1,342,0,31.0,31,1.0,1,1.0,1
32,1,1,1130,0,32.0,32,1.0,1,1.0,1
33,1,1,1695,0,33.0,33,1.0,1,1.0,1
34,0,1,474,0,34.0,34,0.0,0,1.0,1
35,0,1,199,0,35.0,35,0.0,0,1.0,1
36,0,1,1898,0,36.0,36,0.0,0,1.0,1
37,1,1,2089,0,37.0,37,1.0,1,1.0,1
38,0,1,1359,0,38.0,38,0.0,0,1.0,1
39,0,1,792,0,39.0,39,0.0,0,1.0,1
40,0,1,1049,0,40.0,40,0.0,0,1.0,1
41,0,1,1023,0,41.0,41,0.0,0,1.0,1
42,0,1,146,0,42.0,42,0.0,0,1.0,1
43,0,1,369,0,43.0,43,0.0,0,1.0,1
44,0,1,977,0,44.0,44,0.0,0,1.0,1
45,0,1,175,0,45.0,45,0.0,0,1.0,1
46,0,1,865,0,46.0,46,0.0,0,1.0,1
47,0,1,1258,0,47.0,47,0.0,0,1.0,1
48,0,1,1985,0,48.0,48,0.0,0,1.0,1
49,0,1,1698,0,49.0,49,0.0,0,1.0,1
50,0,1,132,0,50.0,50,0.0,0,1.0,1
51,0,1,461,0,51.0,51,0.0,0,1.0,1
52,0,1,591,0,52.0,52,0.0,0,1.0,1
53,0,1,1221,0,53.0,53,0.0,0,1.0,1
54,0,0,405,0,54.0,54,0.0,0,0.0,0
55,0,1,954,0,55.0,55,0.0,0,1.0,1
56,0,1,828,0,56.0,56,0.0,0,1.0,1
57,1,1,2012,0,57.0,57,1.0,1,1.0,1
58,0,1,1015,0,58.0,58,0.0,0,1.0,1
59,0,0,40,0,59.0,59,0.0,0,0.0,0
60,0,0,388,0,60.0,60,0.0,0,0.0,0
61,0,1,779,0,61.0,61,0.0,0,1.0,1
62,0,1,65,0,62.0,62,0.0,0,1.0,1
63,0,1,1600,0,63.0,63,0.0,0,1.0,1
64,0,2,216,0,64.0,64,0.0,0,2.0,2
65,1,1,541,0,65.0,65,1.0,1,1.0,1
66,1,1,1816,0,66.0,66,1.0,1,1.0,1
67,0,1,695,0,67.0,67,0.0,0,1.0,1
68,0,1,540,0,68.0,68,0.0,0,1.0,1
69,0,1,2032,0,69.0,69,0.0,0,1.0,1
70,0,1,465,0,70.0,70,0.0,0,1.0,1
71,1,1,533,0,71.0,71,1.0,1,1.0,1
72,1,1,2067,0,72.0,72,1.0,1,1.0,1
73,0,0,301,0,73.0,73,0.0,0,0.0,0
74,0,1,1681,0,74.0,74,0.0,0,1.0,1
75,0,1,886,0,75.0,75,0.0,0,1.0,1
76,0,1,336,0,76.0,76,0.0,0,1.0,1
77,0,1,1663,0,77.0,77,0.0,0,1.0,1
78,0,1,987,0,78.0,78,0.0,0,1.0,1
79,0,1,686,0,79.0,79,0.0,0,1.0,1
80,0,1,326,0,80.0,80,0.0,0,1.0,1
81,1,1,2084,0,81.0,81,1.0,1,1.0,1
82,1,1,1358,0,82.0,82,1.0,1,1.0,1
83,1,1,2048,0,83.0,83,1.0,1,1.0,1
84,1,1,848,0,84.0,84,1.0,1,1.0,1
85,1,1,1902,0,85.0,85,1.0,1,1.0,1
86,1,1,914,0,86.0,86,1.0,1,1.0,1
87,1,1,2111,0,87.0,87,1.0,1,1.0,1
88,1,1,1590,0,88.0,88,1.0,1,1.0,1
89,1,1,2055,0,89.0,89,1.0,1,1.0,1
90,1,1,1029,0,90.0,90,1.0,1,1.0,1
91,0,1,1607,0,91.0,91,0.0,0,1.0,1
92,0,1,1014,0,92.0,92,0.0,0,1.0,1
93,1,1,1259,0,93.0,93,1.0,1,1.0,1
94,1,1,888,0,94.0,94,1.0,1,1.0,1
95,1,1,2105,0,95.0,95,1.0,1,1.0,1
96,1,1,2021,0,96.0,96,1.0,1,1.0,1
97,0,2,15,0,97.0,97,0.0,0,2.0,2
98,0,1,754,0,98.0,98,0.0,0,1.0,1
99,1,1,2137,0,99.0,99,1.0,1,1.0,1
100,0,1,1766,0,100.0,100,0.0,0,1.0,1
101,1,1,1609,0,101.0,101,1.0,1,1.0,1
102,1,1,2136,0,102.0,102,1.0,1,1.0,1
103,1,1,908,0,103.0,103,1.0,1,1.0,1
104,1,1,2135,0,104.0,104,1.0,1,1.0,1
105,0,1,71,0,105.0,105,0.0,0,1.0,1
106,1,1,1597,0,106.0,106,1.0,1,1.0,1
107,0,1,652,0,107.0,107,0.0,0,1.0,1
108,0,1,1998,0,108.0,108,0.0,0,1.0,1
109,0,1,1539,0,109.0,109,0.0,0,1.0,1
110,0,1,1184,0,110.0,110,0.0,0,1.0,1
111,0,1,1412,0,111.0,111,0.0,0,1.0,1
112,0,1,330,0,112.0,112,0.0,0,1.0,1
113,0,1,109,0,113.0,113,0.0,0,1.0,1
114,0,1,1323,0,114.0,114,0.0,0,1.0,1
115,0,0,10,0,115.0,115,0.0,0,0.0,0
116,0,1,887,0,116.0,116,0.0,0,1.0,1
117,0,1,512,0,117.0,117,0.0,0,1.0,1
118,0,0,380,0,118.0,118,0.0,0,0.0,0
119,0,1,915,0,119.0,119,0.0,0,1.0,1
120,0,1,1807,0,120.0,120,0.0,0,1.0,1
121,0,0,235,0,121.0,121,0.0,0,0.0,0
122,0,0,37,0,122.0,122,0.0,0,0.0,0
123,0,1,1978,0,123.0,123,0.0,0,1.0,1
124,0,1,1602,0,124.0,124,0.0,0,1.0,1
125,0,1,1732,0,125.0,125,0.0,0,1.0,1
126,0,1,1231,0,126.0,126,0.0,0,1.0,1
127,0,1,2001,0,127.0,127,0.0,0,1.0,1
128,0,1,1973,0,128.0,128,0.0,0,1.0,1
129,0,1,1972,0,129.0,129,0.0,0,1.0,1
130,1,1,537,0,130.0,130,1.0,1,1.0,1
131,1,1,2127,0,131.0,131,1.0,1,1.0,1
132,1,1,2076,0,132.0,132,1.0,1,1.0,1
133,0,1,1645,0,133.0,133,0.0,0,1.0,1
134,0,1,212,0,134.0,134,0.0,0,1.0,1
135,0,1,434,0,135.0,135,0.0,0,1.0,1
136,0,1,895,0,136.0,136,0.0,0,1.0,1
137,1,1,2124,0,137.0,137,1.0,1,1.0,1
138,1,1,2074,0,138.0,138,1.0,1,1.0,1
139,0,1,201,0,139.0,139,0.0,0,1.0,1
140,1,1,2096,0,140.0,140,1.0,1,1.0,1
141,0,1,1396,0,141.0,141,0.0,0,1.0,1
142,1,1,2117,0,142.0,142,1.0,1,1.0,1
143,1,1,2066,0,143.0,143,1.0,1,1.0,1
144,0,1,1917,0,144.0,144,0.0,0,1.0,1
145,1,1,1437,0,145.0,145,1.0,1,1.0,1
146,1,1,2069,0,146.0,146,1.0,1,1.0,1
147,0,1,632,0,147.0,147,0.0,0,1.0,1
148,1,1,1734,0,148.0,148,1.0,1,1.0,1
149,1,1,1803,0,149.0,149,1.0,1,1.0,1
150,0,1,1915,0,150.0,150,0.0,0,1.0,1
151,0,1,862,0,151.0,151,0.0,0,1.0,1
152,1,0,21,0,152.0,152,1.0,1,0.0,0
153,1,0,45,0,153.0,153,1.0,1,0.0,0
154,0,0,165,0,154.0,154,0.0,0,0.0,0
155,0,1,1618,0,155.0,155,0.0,0,1.0,1
156,0,1,1830,0,156.0,156,0.0,0,1.0,1
157,0,1,1424,0,157.0,157,0.0,0,1.0,1
158,0,1,863,0,158.0,158,0.0,0,1.0,1
159,0,1,1910,0,159.0,159,0.0,0,1.0,1
160,0,1,1861,0,160.0,160,0.0,0,1.0,1
161,1,1,257,0,161.0,161,1.0,1,1.0,1
162,0,1,846,0,162.0,162,0.0,0,1.0,1
163,0,1,1907,0,163.0,163,0.0,0,1.0,1
164,0,1,367,0,164.0,164,0.0,0,1.0,1
165,0,1,1905,0,165.0,165,0.0,0,1.0,1
166,0,1,1979,0,166.0,166,0.0,0,1.0,1
167,0,1,168,0,167.0,167,0.0,0,1.0,1
168,1,1,2053,0,168.0,168,1.0,1,1.0,1
169,1,1,2045,0,169.0,169,1.0,1,1.0,1
170,0,1,493,0,170.0,170,0.0,0,1.0,1
171,0,1,1010,0,171.0,171,0.0,0,1.0,1
172,0,1,2033,0,172.0,172,0.0,0,1.0,1
173,0,0,371,0,173.0,173,0.0,0,0.0,0
174,0,2,79,0,174.0,174,0.0,0,2.0,2
175,0,2,26,0,175.0,175,0.0,0,2.0,2
176,1,1,2104,0,176.0,176,1.0,1,1.0,1
177,1,1,1611,0,177.0,177,1.0,1,1.0,1
178,0,1,1299,0,178.0,178,0.0,0,1.0,1
179,0,1,1873,0,179.0,179,0.0,0,1.0,1
180,0,1,2038,0,180.0,180,0.0,0,1.0,1
181,1,1,1533,0,181.0,181,1.0,1,1.0,1
182,0,1,1869,0,182.0,182,0.0,0,1.0,1
183,1,2,87,0,183.0,183,1.0,1,2.0,2
184,0,1,281,0,184.0,368,0.0,0,1.0,2
184,0,1,655,0,184.0,368,0.0,0,1.0,2
185,0,1,1867,0,185.0,185,0.0,0,1.0,1
186,0,1,902,0,186.0,186,0.0,0,1.0,1
187,1,1,1820,0,187.0,187,1.0,1,1.0,1
188,0,1,1950,0,188.0,188,0.0,0,1.0,1
189,0,1,1610,0,189.0,189,0.0,0,1.0,1
190,0,1,1313,0,190.0,190,0.0,0,1.0,1
191,0,1,1207,0,191.0,191,0.0,0,1.0,1
192,0,1,836,0,192.0,192,0.0,0,1.0,1
193,0,1,1883,0,193.0,193,0.0,0,1.0,1
194,0,1,618,0,194.0,194,0.0,0,1.0,1
195,0,1,1853,0,195.0,195,0.0,0,1.0,1
196,0,1,1413,0,196.0,196,0.0,0,1.0,1
197,0,1,1851,0,197.0,197,0.0,0,1.0,1
198,0,1,1301,0,198.0,396,0.0,0,1.0,2
198,0,1,1018,0,198.0,396,0.0,0,1.0,2
199,0,1,1569,0,199.0,199,0.0,0,1.0,1
200,1,1,2097,0,200.0,200,1.0,1,1.0,1
201,0,1,353,0,201.0,201,0.0,0,1.0,1
202,0,1,1314,0,202.0,202,0.0,0,1.0,1
203,0,1,1843,0,203.0,203,0.0,0,1.0,1
204,1,1,2019,0,204.0,204,1.0,1,1.0,1
205,0,1,1389,0,205.0,205,0.0,0,1.0,1
206,0,1,1672,0,206.0,206,0.0,0,1.0,1
207,0,1,1983,0,207.0,207,0.0,0,1.0,1
208,0,1,1833,0,208.0,208,0.0,0,1.0,1
209,0,1,1253,0,209.0,209,0.0,0,1.0,1
210,0,1,1036,0,210.0,210,0.0,0,1.0,1
211,0,1,1832,0,211.0,211,0.0,0,1.0,1
212,0,1,718,0,212.0,212,0.0,0,1.0,1
213,0,1,453,0,213.0,426,0.0,0,1.0,2
213,0,1,1048,0,213.0,426,0.0,0,1.0,2
214,0,1,1199,0,214.0,214,0.0,0,1.0,1
215,0,1,390,0,215.0,215,0.0,0,1.0,1
216,0,1,630,0,216.0,216,0.0,0,1.0,1
217,0,1,917,0,217.0,217,0.0,0,1.0,1
218,0,1,1155,0,218.0,218,0.0,0,1.0,1
219,0,1,1825,0,219.0,219,0.0,0,1.0,1
220,0,1,443,0,220.0,220,0.0,0,1.0,1
221,0,1,581,0,221.0,221,0.0,0,1.0,1
222,0,2,72,0,222.0,222,0.0,0,2.0,2
223,0,0,370,0,223.0,223,0.0,0,0.0,0
224,0,0,355,0,224.0,224,0.0,0,0.0,0
225,0,1,340,0,225.0,225,0.0,0,1.0,1
226,0,1,1821,0,226.0,226,0.0,0,1.0,1
227,0,1,891,0,227.0,227,0.0,0,1.0,1
229,0,0,293,0,229.0,229,0.0,0,0.0,0
228,0,1,1290,0,228.0,228,0.0,0,1.0,1
230,0,1,1674,0,230.0,230,0.0,0,1.0,1
231,0,1,1164,0,231.0,231,0.0,0,1.0,1
232,0,1,1818,0,232.0,232,0.0,0,1.0,1
233,0,1,1819,0,233.0,233,0.0,0,1.0,1
234,0,0,368,0,234.0,234,0.0,0,0.0,0
235,0,1,1815,0,235.0,235,0.0,0,1.0,1
236,0,0,61,0,236.0,236,0.0,0,0.0,0
237,0,0,372,0,237.0,237,0.0,0,0.0,0
238,0,1,1627,0,238.0,238,0.0,0,1.0,1
239,0,1,597,0,239.0,239,0.0,0,1.0,1
240,0,1,169,0,240.0,240,0.0,0,1.0,1
241,0,1,536,0,241.0,241,0.0,0,1.0,1
242,0,1,1655,0,242.0,242,0.0,0,1.0,1
243,0,1,1548,0,243.0,243,0.0,0,1.0,1
244,0,1,1107,0,244.0,244,0.0,0,1.0,1
245,0,1,1103,0,245.0,245,0.0,0,1.0,1
246,0,1,1831,0,246.0,246,0.0,0,1.0,1
247,0,1,490,0,247.0,247,0.0,0,1.0,1
248,1,1,2056,0,248.0,248,1.0,1,1.0,1
249,1,1,1670,0,249.0,249,1.0,1,1.0,1
250,0,1,1840,0,250.0,250,0.0,0,1.0,1
251,0,2,36,0,251.0,251,0.0,0,2.0,2
252,0,1,1073,0,252.0,252,0.0,0,1.0,1
253,1,1,941,0,253.0,253,1.0,1,1.0,1
254,0,1,852,0,254.0,254,0.0,0,1.0,1
255,1,1,563,0,255.0,255,1.0,1,1.0,1
256,1,1,2093,0,256.0,256,1.0,1,1.0,1
257,1,1,2010,0,257.0,257,1.0,1,1.0,1
258,0,1,1794,0,258.0,258,0.0,0,1.0,1
259,0,1,269,0,259.0,259,0.0,0,1.0,1
260,0,1,1791,0,260.0,260,0.0,0,1.0,1
261,0,1,986,0,261.0,261,0.0,0,1.0,1
262,0,1,1215,0,262.0,262,0.0,0,1.0,1
263,0,1,279,0,263.0,263,0.0,0,1.0,1
264,0,1,1887,0,264.0,264,0.0,0,1.0,1
265,0,1,1044,0,265.0,265,0.0,0,1.0,1
266,0,1,1171,0,266.0,266,0.0,0,1.0,1
267,0,1,569,0,267.0,267,0.0,0,1.0,1
268,0,1,790,0,268.0,268,0.0,0,1.0,1
269,0,1,1134,0,269.0,269,0.0,0,1.0,1
270,0,1,1291,0,270.0,270,0.0,0,1.0,1
271,0,1,1425,0,271.0,271,0.0,0,1.0,1
272,0,1,1969,0,272.0,272,0.0,0,1.0,1
273,0,1,1576,0,273.0,273,0.0,0,1.0,1
274,0,1,1940,0,274.0,274,0.0,0,1.0,1
275,0,1,1776,0,275.0,275,0.0,0,1.0,1
276,0,1,1072,0,276.0,276,0.0,0,1.0,1
277,0,1,1774,0,277.0,277,0.0,0,1.0,1
278,0,1,1809,0,278.0,278,0.0,0,1.0,1
279,0,0,338,0,279.0,279,0.0,0,0.0,0
280,0,0,142,0,280.0,280,0.0,0,0.0,0
281,0,1,564,0,281.0,281,0.0,0,1.0,1
282,0,1,1992,0,282.0,282,0.0,0,1.0,1
283,0,1,1745,0,283.0,283,0.0,0,1.0,1
284,0,1,1768,0,284.0,284,0.0,0,1.0,1
285,0,1,1002,0,285.0,285,0.0,0,1.0,1
286,0,1,920,0,286.0,286,0.0,0,1.0,1
287,0,1,1243,0,287.0,287,0.0,0,1.0,1
288,0,1,1318,0,288.0,288,0.0,0,1.0,1
289,0,1,1673,0,289.0,289,0.0,0,1.0,1
290,0,1,159,0,290.0,290,0.0,0,1.0,1
291,0,1,1595,0,291.0,291,0.0,0,1.0,1
292,0,1,471,0,292.0,292,0.0,0,1.0,1
293,0,1,1764,0,293.0,293,0.0,0,1.0,1
294,0,1,2003,0,294.0,294,0.0,0,1.0,1
295,0,1,1214,0,295.0,295,0.0,0,1.0,1
296,0,1,849,0,296.0,296,0.0,0,1.0,1
297,0,1,1204,0,297.0,297,0.0,0,1.0,1
298,0,1,1762,0,298.0,298,0.0,0,1.0,1
299,0,1,1633,0,299.0,299,0.0,0,1.0,1
300,0,1,1223,0,300.0,300,0.0,0,1.0,1
301,0,1,1467,0,301.0,301,0.0,0,1.0,1
302,0,1,1417,0,302.0,302,0.0,0,1.0,1
303,0,1,867,0,303.0,303,0.0,0,1.0,1
304,0,1,209,0,304.0,304,0.0,0,1.0,1
305,0,1,1974,0,305.0,305,0.0,0,1.0,1
306,0,1,739,0,306.0,306,0.0,0,1.0,1
307,0,1,880,0,307.0,307,0.0,0,1.0,1
308,0,1,949,0,308.0,308,0.0,0,1.0,1
309,0,1,191,0,309.0,309,0.0,0,1.0,1
310,0,1,1159,0,310.0,310,0.0,0,1.0,1
311,0,1,1987,0,311.0,311,0.0,0,1.0,1
312,0,1,843,0,312.0,312,0.0,0,1.0,1
313,0,1,896,0,313.0,313,0.0,0,1.0,1
314,0,1,641,0,314.0,314,0.0,0,1.0,1
315,0,1,1727,0,315.0,315,0.0,0,1.0,1
316,0,1,1916,0,316.0,316,0.0,0,1.0,1
317,0,1,1865,0,317.0,317,0.0,0,1.0,1
318,0,1,1283,0,318.0,318,0.0,0,1.0,1
319,0,1,1658,0,319.0,319,0.0,0,1.0,1
320,0,1,1434,0,320.0,320,0.0,0,1.0,1
321,0,0,178,0,321.0,321,0.0,0,0.0,0
322,1,1,2062,0,322.0,322,1.0,1,1.0,1
323,0,1,500,0,323.0,323,0.0,0,1.0,1
324,0,1,570,0,324.0,324,0.0,0,1.0,1
325,0,1,1753,0,325.0,325,0.0,0,1.0,1
326,0,1,1889,0,326.0,326,0.0,0,1.0,1
327,0,1,979,0,327.0,327,0.0,0,1.0,1
328,0,1,866,0,328.0,328,0.0,0,1.0,1
329,0,1,1304,0,329.0,329,0.0,0,1.0,1
332,0,1,928,0,332.0,332,0.0,0,1.0,1
330,0,1,1747,0,330.0,330,0.0,0,1.0,1
331,0,1,441,0,331.0,331,0.0,0,1.0,1
333,0,0,409,0,333.0,333,0.0,0,0.0,0
334,0,1,1519,0,334.0,334,0.0,0,1.0,1
335,0,1,1746,0,335.0,335,0.0,0,1.0,1
336,0,1,746,0,336.0,336,0.0,0,1.0,1
337,0,1,796,0,337.0,337,0.0,0,1.0,1
338,0,1,1738,0,338.0,338,0.0,0,1.0,1
339,0,1,552,0,339.0,339,0.0,0,1.0,1
340,1,1,2085,0,340.0,340,1.0,1,1.0,1
341,0,1,870,0,341.0,341,0.0,0,1.0,1
342,0,1,1007,0,342.0,342,0.0,0,1.0,1
343,0,1,1549,0,343.0,343,0.0,0,1.0,1
344,0,1,1687,0,344.0,344,0.0,0,1.0,1
345,1,1,599,0,345.0,345,1.0,1,1.0,1
346,1,1,1509,0,346.0,346,1.0,1,1.0,1
347,1,1,2140,0,347.0,347,1.0,1,1.0,1
348,1,1,2132,0,348.0,348,1.0,1,1.0,1
349,1,1,1757,0,349.0,349,1.0,1,1.0,1
350,0,0,121,0,350.0,350,0.0,0,0.0,0
351,0,1,712,0,351.0,351,0.0,0,1.0,1
352,0,1,1603,0,352.0,352,0.0,0,1.0,1
353,0,1,1868,0,353.0,353,0.0,0,1.0,1
354,1,1,2094,0,354.0,354,1.0,1,1.0,1
355,1,1,2109,0,355.0,355,1.0,1,1.0,1
356,1,0,97,0,356.0,356,1.0,1,0.0,0
357,0,1,752,0,357.0,357,0.0,0,1.0,1
358,0,1,1198,0,358.0,358,0.0,0,1.0,1
359,1,1,2050,0,359.0,359,1.0,1,1.0,1
360,1,1,2079,0,360.0,360,1.0,1,1.0,1
361,0,1,558,0,361.0,361,0.0,0,1.0,1
362,0,1,531,0,362.0,362,0.0,0,1.0,1
363,0,1,1604,0,363.0,363,0.0,0,1.0,1
364,0,1,1683,0,364.0,364,0.0,0,1.0,1
365,0,1,1691,0,365.0,365,0.0,0,1.0,1
366,0,1,1690,0,366.0,366,0.0,0,1.0,1
367,0,1,1056,0,367.0,367,0.0,0,1.0,1
368,0,1,1806,0,368.0,368,0.0,0,1.0,1
369,0,1,116,0,369.0,369,0.0,0,1.0,1
370,0,0,384,0,370.0,370,0.0,0,0.0,0
371,0,2,22,0,371.0,371,0.0,0,2.0,2
372,1,1,1770,0,372.0,372,1.0,1,1.0,1
373,0,1,827,0,373.0,373,0.0,0,1.0,1
374,0,1,272,0,374.0,374,0.0,0,1.0,1
375,0,1,768,0,375.0,375,0.0,0,1.0,1
376,0,1,2030,0,376.0,376,0.0,0,1.0,1
377,0,1,1544,0,377.0,377,0.0,0,1.0,1
378,0,1,1322,0,378.0,378,0.0,0,1.0,1
379,0,1,1240,0,379.0,379,0.0,0,1.0,1
380,0,1,1965,0,380.0,380,0.0,0,1.0,1
381,0,1,1227,0,381.0,381,0.0,0,1.0,1
382,0,1,976,0,382.0,382,0.0,0,1.0,1
383,1,1,486,0,383.0,383,1.0,1,1.0,1
384,0,0,127,0,384.0,384,0.0,0,0.0,0
385,0,1,30,0,385.0,385,0.0,0,1.0,1
386,0,1,1961,0,386.0,386,0.0,0,1.0,1
387,0,1,1272,0,387.0,387,0.0,0,1.0,1
388,1,1,619,0,388.0,388,1.0,1,1.0,1
389,0,0,99,0,389.0,389,0.0,0,0.0,0
390,0,0,31,0,390.0,390,0.0,0,0.0,0
391,0,1,1652,0,391.0,391,0.0,0,1.0,1
392,0,0,220,0,392.0,392,0.0,0,0.0,0
393,0,1,555,0,393.0,393,0.0,0,1.0,1
394,0,1,410,0,394.0,394,0.0,0,1.0,1
395,0,1,1701,0,395.0,395,0.0,0,1.0,1
396,0,1,1646,0,396.0,396,0.0,0,1.0,1
397,0,1,616,0,397.0,397,0.0,0,1.0,1
398,0,1,864,0,398.0,398,0.0,0,1.0,1
399,0,1,482,0,399.0,399,0.0,0,1.0,1
400,0,1,1074,0,400.0,400,0.0,0,1.0,1
401,0,1,1855,0,401.0,401,0.0,0,1.0,1
402,0,1,1926,0,402.0,402,0.0,0,1.0,1
403,0,1,560,0,403.0,403,0.0,0,1.0,1
404,0,1,1856,0,404.0,404,0.0,0,1.0,1
405,0,1,545,0,405.0,405,0.0,0,1.0,1
406,0,1,1621,0,406.0,406,0.0,0,1.0,1
407,1,1,2091,0,407.0,407,1.0,1,1.0,1
408,0,1,1554,0,408.0,408,0.0,0,1.0,1
409,1,1,1984,0,409.0,409,1.0,1,1.0,1
410,0,1,1615,0,410.0,410,0.0,0,1.0,1
411,1,1,2059,0,411.0,411,1.0,1,1.0,1
412,0,1,1262,0,412.0,412,0.0,0,1.0,1
413,0,1,1613,0,413.0,413,0.0,0,1.0,1
414,0,1,1565,0,414.0,414,0.0,0,1.0,1
415,1,1,518,0,415.0,415,1.0,1,1.0,1
416,0,2,68,0,416.0,416,0.0,0,2.0,2
417,0,1,1599,0,417.0,417,0.0,0,1.0,1
418,0,1,1598,0,418.0,418,0.0,0,1.0,1
419,0,1,1024,0,419.0,419,0.0,0,1.0,1
420,0,0,358,0,420.0,420,0.0,0,0.0,0
421,0,1,708,0,421.0,421,0.0,0,1.0,1
422,0,0,223,0,422.0,422,0.0,0,0.0,0
423,0,1,1088,0,423.0,423,0.0,0,1.0,1
424,0,1,1591,0,424.0,424,0.0,0,1.0,1
425,0,1,80,0,425.0,425,0.0,0,1.0,1
426,0,0,226,0,426.0,426,0.0,0,0.0,0
427,0,1,1588,0,427.0,427,0.0,0,1.0,1
428,0,2,210,0,428.0,428,0.0,0,2.0,2
429,0,1,1635,0,429.0,429,0.0,0,1.0,1
430,0,1,499,0,430.0,430,0.0,0,1.0,1
431,0,1,1587,0,431.0,431,0.0,0,1.0,1
432,0,1,685,0,432.0,432,0.0,0,1.0,1
433,0,1,1584,0,433.0,433,0.0,0,1.0,1
434,1,1,1085,0,434.0,434,1.0,1,1.0,1
435,0,0,309,0,435.0,435,0.0,0,0.0,0
436,0,1,820,0,436.0,436,0.0,0,1.0,1
437,0,1,704,0,437.0,437,0.0,0,1.0,1
438,0,0,411,0,438.0,438,0.0,0,0.0,0
439,0,1,734,0,439.0,439,0.0,0,1.0,1
440,0,1,1374,0,440.0,440,0.0,0,1.0,1
441,0,1,1911,0,441.0,441,0.0,0,1.0,1
442,0,2,187,0,442.0,442,0.0,0,2.0,2
443,0,1,1162,0,443.0,443,0.0,0,1.0,1
444,0,1,943,0,444.0,444,0.0,0,1.0,1
445,0,1,747,0,445.0,445,0.0,0,1.0,1
446,0,1,1377,0,446.0,446,0.0,0,1.0,1
447,0,1,1006,0,447.0,447,0.0,0,1.0,1
448,0,1,1309,0,448.0,448,0.0,0,1.0,1
449,0,1,1351,0,449.0,449,0.0,0,1.0,1
450,0,1,1488,0,450.0,450,0.0,0,1.0,1
451,0,1,1342,0,451.0,451,0.0,0,1.0,1
452,0,1,1947,0,452.0,452,0.0,0,1.0,1
453,0,1,1119,0,453.0,453,0.0,0,1.0,1
454,0,0,251,0,454.0,454,0.0,0,0.0,0
455,1,1,2099,0,455.0,455,1.0,1,1.0,1
456,0,1,1232,0,456.0,456,0.0,0,1.0,1
457,0,1,214,0,457.0,457,0.0,0,1.0,1
458,0,1,51,0,458.0,458,0.0,0,1.0,1
459,0,1,1567,0,459.0,459,0.0,0,1.0,1
460,0,1,1300,0,460.0,460,0.0,0,1.0,1
461,0,1,851,0,461.0,461,0.0,0,1.0,1
462,0,2,149,0,462.0,462,0.0,0,2.0,2
463,0,1,1504,0,463.0,463,0.0,0,1.0,1
464,0,1,1550,0,464.0,464,0.0,0,1.0,1
465,0,1,1563,0,465.0,465,0.0,0,1.0,1
466,0,1,710,0,466.0,466,0.0,0,1.0,1
467,0,1,557,0,467.0,467,0.0,0,1.0,1
468,0,1,1531,0,468.0,468,0.0,0,1.0,1
469,0,1,1561,0,469.0,469,0.0,0,1.0,1
470,0,1,777,0,470.0,470,0.0,0,1.0,1
471,0,1,305,0,471.0,471,0.0,0,1.0,1
472,0,2,156,0,472.0,472,0.0,0,2.0,2
473,0,2,195,0,473.0,473,0.0,0,2.0,2
474,0,1,1392,0,474.0,474,0.0,0,1.0,1
475,0,1,1034,0,475.0,475,0.0,0,1.0,1
476,0,0,228,0,476.0,476,0.0,0,0.0,0
477,0,0,395,0,477.0,477,0.0,0,0.0,0
478,0,1,675,0,478.0,478,0.0,0,1.0,1
479,0,1,83,0,479.0,479,0.0,0,1.0,1
480,0,1,452,0,480.0,480,0.0,0,1.0,1
481,0,1,696,0,481.0,481,0.0,0,1.0,1
482,0,1,1381,0,482.0,482,0.0,0,1.0,1
483,0,1,1944,0,483.0,483,0.0,0,1.0,1
484,0,1,1427,0,484.0,484,0.0,0,1.0,1
485,0,1,46,0,485.0,485,0.0,0,1.0,1
486,0,1,1440,0,486.0,486,0.0,0,1.0,1
487,0,1,1201,0,487.0,487,0.0,0,1.0,1
488,0,1,1891,0,488.0,488,0.0,0,1.0,1
489,0,0,237,0,489.0,489,0.0,0,0.0,0
490,0,1,966,0,490.0,490,0.0,0,1.0,1
491,0,2,94,0,491.0,491,0.0,0,2.0,2
492,0,1,2037,0,492.0,492,0.0,0,1.0,1
493,0,1,1026,0,493.0,493,0.0,0,1.0,1
494,0,1,625,0,494.0,494,0.0,0,1.0,1
495,0,1,1286,0,495.0,495,0.0,0,1.0,1
496,0,1,1971,0,496.0,496,0.0,0,1.0,1
497,0,1,1173,0,497.0,497,0.0,0,1.0,1
498,0,1,460,0,498.0,498,0.0,0,1.0,1
499,0,1,1210,0,499.0,499,0.0,0,1.0,1
500,0,1,921,0,500.0,500,0.0,0,1.0,1
501,0,1,1213,0,501.0,501,0.0,0,1.0,1
502,0,1,1174,0,502.0,502,0.0,0,1.0,1
503,0,0,308,0,503.0,503,0.0,0,0.0,0
504,0,2,154,0,504.0,504,0.0,0,2.0,2
505,0,1,1960,0,505.0,505,0.0,0,1.0,1
506,0,1,1091,0,506.0,506,0.0,0,1.0,1
507,0,1,1558,0,507.0,507,0.0,0,1.0,1
508,0,0,239,0,508.0,508,0.0,0,0.0,0
509,0,1,1976,0,509.0,509,0.0,0,1.0,1
510,0,1,240,0,510.0,510,0.0,0,1.0,1
511,0,1,1886,0,511.0,511,0.0,0,1.0,1
512,0,1,808,0,512.0,512,0.0,0,1.0,1
513,0,1,1685,0,513.0,513,0.0,0,1.0,1
514,0,1,823,0,514.0,514,0.0,0,1.0,1
515,0,1,419,0,515.0,515,0.0,0,1.0,1
516,0,1,1852,0,516.0,516,0.0,0,1.0,1
517,0,1,1772,0,517.0,517,0.0,0,1.0,1
518,0,1,551,0,518.0,518,0.0,0,1.0,1
519,0,0,273,0,519.0,519,0.0,0,0.0,0
520,0,0,401,0,520.0,520,0.0,0,0.0,0
521,0,1,1893,0,521.0,521,0.0,0,1.0,1
522,0,1,2005,0,522.0,522,0.0,0,1.0,1
523,0,1,134,0,523.0,523,0.0,0,1.0,1
524,0,1,927,0,524.0,524,0.0,0,1.0,1
525,0,1,516,0,525.0,525,0.0,0,1.0,1
526,0,0,125,0,526.0,526,0.0,0,0.0,0
527,0,1,622,0,527.0,527,0.0,0,1.0,1
528,0,2,122,0,528.0,528,0.0,0,2.0,2
529,0,2,219,0,529.0,529,0.0,0,2.0,2
530,0,1,789,0,530.0,530,0.0,0,1.0,1
531,0,1,1557,0,531.0,531,0.0,0,1.0,1
532,0,1,1662,0,532.0,532,0.0,0,1.0,1
533,0,1,833,0,533.0,533,0.0,0,1.0,1
534,0,1,194,0,534.0,534,0.0,0,1.0,1
535,0,1,1090,0,535.0,535,0.0,0,1.0,1
536,0,1,1726,0,536.0,536,0.0,0,1.0,1
537,0,1,693,0,537.0,537,0.0,0,1.0,1
538,1,1,64,0,538.0,538,1.0,1,1.0,1
539,0,1,834,0,539.0,539,0.0,0,1.0,1
540,0,1,1547,0,540.0,540,0.0,0,1.0,1
541,0,1,1546,0,541.0,541,0.0,0,1.0,1
542,0,1,85,0,542.0,542,0.0,0,1.0,1
543,0,1,1545,0,543.0,543,0.0,0,1.0,1
544,0,0,242,0,544.0,544,0.0,0,0.0,0
545,0,1,814,0,545.0,545,0.0,0,1.0,1
546,0,1,578,0,546.0,546,0.0,0,1.0,1
547,0,1,542,0,547.0,547,0.0,0,1.0,1
548,0,0,285,0,548.0,548,0.0,0,0.0,0
549,0,1,937,0,549.0,549,0.0,0,1.0,1
550,0,1,1543,0,550.0,550,0.0,0,1.0,1
551,0,1,1542,0,551.0,551,0.0,0,1.0,1
552,0,1,1541,0,552.0,552,0.0,0,1.0,1
553,0,1,1640,0,553.0,553,0.0,0,1.0,1
554,0,1,1540,0,554.0,554,0.0,0,1.0,1
555,0,1,1581,0,555.0,555,0.0,0,1.0,1
556,0,1,1360,0,556.0,556,0.0,0,1.0,1
557,0,1,1265,0,557.0,557,0.0,0,1.0,1
558,0,1,1082,0,558.0,558,0.0,0,1.0,1
559,0,2,103,0,559.0,559,0.0,0,2.0,2
560,0,1,1538,0,560.0,560,0.0,0,1.0,1
561,0,1,1579,0,561.0,561,0.0,0,1.0,1
562,0,0,181,0,562.0,562,0.0,0,0.0,0
563,0,1,670,0,563.0,563,0.0,0,1.0,1
564,0,2,74,0,564.0,564,0.0,0,2.0,2
565,0,1,1564,0,565.0,565,0.0,0,1.0,1
566,0,1,1692,0,566.0,566,0.0,0,1.0,1
567,0,1,1320,0,567.0,567,0.0,0,1.0,1
568,0,1,707,0,568.0,568,0.0,0,1.0,1
569,0,1,1239,0,569.0,569,0.0,0,1.0,1
570,0,1,807,0,570.0,570,0.0,0,1.0,1
571,0,1,1954,0,571.0,571,0.0,0,1.0,1
572,0,1,1062,0,572.0,572,0.0,0,1.0,1
573,0,1,1536,0,573.0,573,0.0,0,1.0,1
574,0,1,854,0,574.0,574,0.0,0,1.0,1
575,0,1,1312,0,575.0,575,0.0,0,1.0,1
576,0,1,1728,0,576.0,576,0.0,0,1.0,1
577,0,1,202,0,577.0,577,0.0,0,1.0,1
578,0,1,1127,0,578.0,578,0.0,0,1.0,1
579,0,1,1656,0,579.0,579,0.0,0,1.0,1
580,0,2,152,0,580.0,580,0.0,0,2.0,2
581,0,1,956,0,581.0,581,0.0,0,1.0,1
582,0,1,723,0,582.0,582,0.0,0,1.0,1
583,0,1,1612,0,583.0,583,0.0,0,1.0,1
584,0,1,898,0,584.0,584,0.0,0,1.0,1
585,0,1,783,0,585.0,585,0.0,0,1.0,1
586,0,1,780,0,586.0,586,0.0,0,1.0,1
587,0,1,1398,0,587.0,587,0.0,0,1.0,1
588,0,1,559,0,588.0,588,0.0,0,1.0,1
589,0,1,1765,0,589.0,589,0.0,0,1.0,1
590,0,1,1583,0,590.0,590,0.0,0,1.0,1
591,0,1,1956,0,591.0,591,0.0,0,1.0,1
592,0,1,522,0,592.0,592,0.0,0,1.0,1
593,0,1,1534,0,593.0,593,0.0,0,1.0,1
594,0,1,1556,0,594.0,594,0.0,0,1.0,1
595,0,1,633,0,595.0,595,0.0,0,1.0,1
596,0,1,1620,0,596.0,596,0.0,0,1.0,1
597,0,1,198,0,597.0,597,0.0,0,1.0,1
598,0,1,2025,0,598.0,598,0.0,0,1.0,1
599,0,1,426,0,599.0,599,0.0,0,1.0,1
600,0,1,1386,0,600.0,600,0.0,0,1.0,1
601,0,1,1605,0,601.0,601,0.0,0,1.0,1
602,0,1,1901,0,602.0,602,0.0,0,1.0,1
603,0,1,2013,0,603.0,603,0.0,0,1.0,1
604,0,1,700,0,604.0,604,0.0,0,1.0,1
605,0,1,631,0,605.0,605,0.0,0,1.0,1
606,0,1,671,0,606.0,606,0.0,0,1.0,1
607,0,1,467,0,607.0,607,0.0,0,1.0,1
608,0,1,1859,0,608.0,608,0.0,0,1.0,1
609,0,1,1406,0,609.0,609,0.0,0,1.0,1
610,0,1,1717,0,610.0,610,0.0,0,1.0,1
611,0,3,7,0,611.0,611,0.0,0,3.0,3
612,0,0,289,0,612.0,612,0.0,0,0.0,0
613,0,0,153,0,613.0,613,0.0,0,0.0,0
614,0,1,1404,0,614.0,614,0.0,0,1.0,1
615,0,1,66,0,615.0,615,0.0,0,1.0,1
616,0,1,1882,0,616.0,616,0.0,0,1.0,1
617,0,1,1282,0,617.0,617,0.0,0,1.0,1
618,0,1,1379,0,618.0,618,0.0,0,1.0,1
619,0,1,968,0,619.0,619,0.0,0,1.0,1
620,0,1,1530,0,620.0,620,0.0,0,1.0,1
621,0,1,1037,0,621.0,621,0.0,0,1.0,1
622,0,1,433,0,622.0,622,0.0,0,1.0,1
623,0,1,1166,0,623.0,623,0.0,0,1.0,1
624,0,1,1529,0,624.0,624,0.0,0,1.0,1
625,0,1,1528,0,625.0,625,0.0,0,1.0,1
626,0,1,1704,0,626.0,626,0.0,0,1.0,1
627,0,2,172,0,627.0,627,0.0,0,2.0,2
628,0,1,1963,0,628.0,628,0.0,0,1.0,1
629,0,2,197,0,629.0,629,0.0,0,2.0,2
630,0,0,297,0,630.0,630,0.0,0,0.0,0
631,0,1,1179,0,631.0,631,0.0,0,1.0,1
632,0,1,112,0,632.0,632,0.0,0,1.0,1
633,0,1,229,0,633.0,633,0.0,0,1.0,1
634,0,1,1298,0,634.0,634,0.0,0,1.0,1
635,0,1,953,0,635.0,635,0.0,0,1.0,1
636,0,1,1835,0,636.0,636,0.0,0,1.0,1
637,0,1,1990,0,637.0,637,0.0,0,1.0,1
638,0,1,1525,0,638.0,638,0.0,0,1.0,1
639,0,1,1659,0,639.0,639,0.0,0,1.0,1
640,0,2,75,0,640.0,640,0.0,0,2.0,2
641,0,1,135,0,641.0,641,0.0,0,1.0,1
642,0,1,1657,0,642.0,642,0.0,0,1.0,1
643,0,1,1142,0,643.0,643,0.0,0,1.0,1
644,0,1,1194,0,644.0,644,0.0,0,1.0,1
645,0,1,562,0,645.0,645,0.0,0,1.0,1
646,0,1,1516,0,646.0,646,0.0,0,1.0,1
647,0,1,905,0,647.0,647,0.0,0,1.0,1
648,0,1,1222,0,648.0,648,0.0,0,1.0,1
649,0,1,1927,0,649.0,649,0.0,0,1.0,1
650,0,1,381,0,650.0,650,0.0,0,1.0,1
651,0,1,361,0,651.0,651,0.0,0,1.0,1
652,0,1,842,0,652.0,652,0.0,0,1.0,1
653,0,1,869,0,653.0,653,0.0,0,1.0,1
654,0,1,1678,0,654.0,654,0.0,0,1.0,1
655,0,1,1219,0,655.0,655,0.0,0,1.0,1
656,0,0,244,0,656.0,656,0.0,0,0.0,0
657,0,1,691,0,657.0,657,0.0,0,1.0,1
658,0,1,735,0,658.0,658,0.0,0,1.0,1
659,0,1,515,0,659.0,659,0.0,0,1.0,1
660,0,0,416,0,660.0,660,0.0,0,0.0,0
661,0,0,120,0,661.0,661,0.0,0,0.0,0
662,0,0,225,0,662.0,662,0.0,0,0.0,0
663,0,1,1522,0,663.0,663,0.0,0,1.0,1
664,0,1,1521,0,664.0,664,0.0,0,1.0,1
665,0,2,106,0,665.0,665,0.0,0,2.0,2
666,0,1,810,0,666.0,666,0.0,0,1.0,1
667,0,1,2,0,667.0,667,0.0,0,1.0,1
668,0,0,364,0,668.0,668,0.0,0,0.0,0
669,0,0,283,0,669.0,669,0.0,0,0.0,0
670,0,1,1844,0,670.0,670,0.0,0,1.0,1
671,0,1,1520,0,671.0,671,0.0,0,1.0,1
672,0,1,1445,0,672.0,672,0.0,0,1.0,1
673,0,1,386,0,673.0,673,0.0,0,1.0,1
674,0,1,184,0,674.0,674,0.0,0,1.0,1
675,0,1,1977,0,675.0,675,0.0,0,1.0,1
676,0,1,918,0,676.0,676,0.0,0,1.0,1
677,0,1,1912,0,677.0,677,0.0,0,1.0,1
678,0,1,1281,0,678.0,678,0.0,0,1.0,1
679,0,1,1076,0,679.0,679,0.0,0,1.0,1
680,0,1,1145,0,680.0,680,0.0,0,1.0,1
681,0,1,1767,0,681.0,681,0.0,0,1.0,1
682,0,1,324,0,682.0,682,0.0,0,1.0,1
683,0,1,1970,0,683.0,683,0.0,0,1.0,1
684,0,1,894,0,684.0,684,0.0,0,1.0,1
685,0,1,475,0,685.0,685,0.0,0,1.0,1
686,0,1,1518,0,686.0,686,0.0,0,1.0,1
687,0,1,1517,0,687.0,687,0.0,0,1.0,1
688,0,1,936,0,688.0,688,0.0,0,1.0,1
689,0,1,481,0,689.0,689,0.0,0,1.0,1
690,0,1,1057,0,690.0,690,0.0,0,1.0,1
691,0,1,1121,0,691.0,691,0.0,0,1.0,1
692,0,1,200,0,692.0,692,0.0,0,1.0,1
693,0,1,1515,0,693.0,693,0.0,0,1.0,1
694,0,1,1514,0,694.0,694,0.0,0,1.0,1
695,0,1,1740,0,695.0,695,0.0,0,1.0,1
696,0,1,673,0,696.0,696,0.0,0,1.0,1
697,0,1,634,0,697.0,697,0.0,0,1.0,1
698,0,0,6,0,698.0,698,0.0,0,0.0,0
699,0,1,1079,0,699.0,699,0.0,0,1.0,1
700,0,1,1866,0,700.0,700,0.0,0,1.0,1
701,0,1,565,0,701.0,701,0.0,0,1.0,1
702,0,1,1787,0,702.0,702,0.0,0,1.0,1
703,0,1,1255,0,703.0,703,0.0,0,1.0,1
704,0,1,1857,0,704.0,704,0.0,0,1.0,1
705,0,1,1403,0,705.0,705,0.0,0,1.0,1
706,0,1,1512,0,706.0,706,0.0,0,1.0,1
707,0,1,1959,0,707.0,707,0.0,0,1.0,1
708,0,1,1696,0,708.0,708,0.0,0,1.0,1
709,0,1,1511,0,709.0,709,0.0,0,1.0,1
710,0,1,508,0,710.0,710,0.0,0,1.0,1
711,0,1,1436,0,711.0,711,0.0,0,1.0,1
712,0,1,431,0,712.0,712,0.0,0,1.0,1
713,0,1,427,0,713.0,713,0.0,0,1.0,1
714,0,1,1742,0,714.0,714,0.0,0,1.0,1
715,0,1,451,0,715.0,715,0.0,0,1.0,1
716,0,1,1094,0,716.0,716,0.0,0,1.0,1
717,0,1,1206,0,717.0,717,0.0,0,1.0,1
718,0,1,984,0,718.0,718,0.0,0,1.0,1
719,0,1,1186,0,719.0,719,0.0,0,1.0,1
720,0,1,680,0,720.0,720,0.0,0,1.0,1
721,0,1,1139,0,721.0,721,0.0,0,1.0,1
722,0,1,1879,0,722.0,722,0.0,0,1.0,1
723,0,1,1711,0,723.0,723,0.0,0,1.0,1
724,0,1,1508,0,724.0,724,0.0,0,1.0,1
725,0,0,415,0,725.0,725,0.0,0,0.0,0
726,0,1,12,0,726.0,726,0.0,0,1.0,1
727,0,1,1507,0,727.0,727,0.0,0,1.0,1
728,0,1,982,0,728.0,728,0.0,0,1.0,1
729,0,1,643,0,729.0,729,0.0,0,1.0,1
730,0,1,602,0,730.0,730,0.0,0,1.0,1
731,0,1,1506,0,731.0,731,0.0,0,1.0,1
732,0,1,1050,0,732.0,732,0.0,0,1.0,1
733,0,1,1468,0,733.0,733,0.0,0,1.0,1
734,0,1,1095,0,734.0,734,0.0,0,1.0,1
735,0,1,1481,0,735.0,735,0.0,0,1.0,1
736,0,1,628,0,736.0,736,0.0,0,1.0,1
737,0,1,1503,0,737.0,737,0.0,0,1.0,1
738,0,1,804,0,738.0,738,0.0,0,1.0,1
739,0,1,624,0,739.0,739,0.0,0,1.0,1
740,0,1,677,0,740.0,740,0.0,0,1.0,1
741,0,1,601,0,741.0,741,0.0,0,1.0,1
742,0,1,403,0,742.0,742,0.0,0,1.0,1
743,0,1,525,0,743.0,743,0.0,0,1.0,1
744,0,1,604,0,744.0,744,0.0,0,1.0,1
745,0,1,1752,0,745.0,745,0.0,0,1.0,1
746,0,1,1126,0,746.0,746,0.0,0,1.0,1
747,0,1,128,0,747.0,747,0.0,0,1.0,1
748,0,1,1138,0,748.0,748,0.0,0,1.0,1
749,0,1,547,0,749.0,749,0.0,0,1.0,1
750,0,1,1344,0,750.0,750,0.0,0,1.0,1
751,0,1,1502,0,751.0,751,0.0,0,1.0,1
752,0,1,233,0,752.0,752,0.0,0,1.0,1
753,0,1,1526,0,753.0,753,0.0,0,1.0,1
754,0,1,1841,0,754.0,754,0.0,0,1.0,1
755,0,1,997,0,755.0,755,0.0,0,1.0,1
756,0,1,1812,0,756.0,756,0.0,0,1.0,1
757,0,1,470,0,757.0,757,0.0,0,1.0,1
758,0,1,1999,0,758.0,758,0.0,0,1.0,1
759,0,1,1955,0,759.0,759,0.0,0,1.0,1
760,0,1,2017,0,760.0,760,0.0,0,1.0,1
761,0,1,321,0,761.0,761,0.0,0,1.0,1
762,0,1,1266,0,762.0,762,0.0,0,1.0,1
763,0,1,1500,0,763.0,763,0.0,0,1.0,1
764,0,1,535,0,764.0,764,0.0,0,1.0,1
765,0,1,1008,0,765.0,765,0.0,0,1.0,1
766,0,1,1890,0,766.0,766,0.0,0,1.0,1
767,0,1,204,0,767.0,767,0.0,0,1.0,1
768,0,1,1938,0,768.0,768,0.0,0,1.0,1
769,0,1,964,0,769.0,769,0.0,0,1.0,1
770,0,1,1080,0,770.0,770,0.0,0,1.0,1
771,0,1,1499,0,771.0,771,0.0,0,1.0,1
772,0,1,1388,0,772.0,772,0.0,0,1.0,1
773,0,1,1876,0,773.0,773,0.0,0,1.0,1
774,0,1,988,0,774.0,774,0.0,0,1.0,1
775,0,2,23,0,775.0,775,0.0,0,2.0,2
776,0,1,825,0,776.0,776,0.0,0,1.0,1
777,0,1,614,0,777.0,777,0.0,0,1.0,1
778,0,1,1059,0,778.0,778,0.0,0,1.0,1
779,0,1,1387,0,779.0,779,0.0,0,1.0,1
780,0,1,1393,0,780.0,780,0.0,0,1.0,1
781,0,1,1756,0,781.0,781,0.0,0,1.0,1
782,0,1,1779,0,782.0,782,0.0,0,1.0,1
783,0,1,1225,0,783.0,783,0.0,0,1.0,1
784,0,1,1054,0,784.0,784,0.0,0,1.0,1
785,0,1,1941,0,785.0,785,0.0,0,1.0,1
786,0,1,1346,0,786.0,786,0.0,0,1.0,1
787,0,1,969,0,787.0,787,0.0,0,1.0,1
788,0,1,1418,0,788.0,788,0.0,0,1.0,1
789,0,1,1435,0,789.0,789,0.0,0,1.0,1
790,0,2,55,0,790.0,790,0.0,0,2.0,2
791,0,1,1189,0,791.0,791,0.0,0,1.0,1
792,0,1,1429,0,792.0,792,0.0,0,1.0,1
793,0,1,1498,0,793.0,793,0.0,0,1.0,1
794,0,1,1822,0,794.0,794,0.0,0,1.0,1
795,0,1,1305,0,795.0,795,0.0,0,1.0,1
796,0,1,1497,0,796.0,796,0.0,0,1.0,1
797,0,1,1888,0,797.0,797,0.0,0,1.0,1
798,0,0,295,0,798.0,798,0.0,0,0.0,0
799,0,1,1908,0,799.0,799,0.0,0,1.0,1
800,0,1,307,0,800.0,800,0.0,0,1.0,1
801,0,1,1733,0,801.0,801,0.0,0,1.0,1
802,0,1,530,0,802.0,802,0.0,0,1.0,1
803,0,1,1496,0,803.0,803,0.0,0,1.0,1
804,0,1,1559,0,804.0,804,0.0,0,1.0,1
805,0,1,1293,0,805.0,805,0.0,0,1.0,1
806,0,1,1568,0,806.0,806,0.0,0,1.0,1
807,0,1,1242,0,807.0,807,0.0,0,1.0,1
808,0,1,1020,0,808.0,808,0.0,0,1.0,1
809,0,1,1041,0,809.0,809,0.0,0,1.0,1
810,0,1,1495,0,810.0,810,0.0,0,1.0,1
811,0,1,1614,0,811.0,811,0.0,0,1.0,1
812,0,1,1650,0,812.0,812,0.0,0,1.0,1
813,0,1,922,0,813.0,813,0.0,0,1.0,1
814,0,1,1720,0,814.0,814,0.0,0,1.0,1
815,0,1,538,0,815.0,815,0.0,0,1.0,1
816,0,1,1494,0,816.0,816,0.0,0,1.0,1
817,0,1,1280,0,817.0,817,0.0,0,1.0,1
818,0,0,250,0,818.0,818,0.0,0,0.0,0
819,0,0,396,0,819.0,819,0.0,0,0.0,0
820,0,1,1824,0,820.0,820,0.0,0,1.0,1
821,0,1,683,0,821.0,821,0.0,0,1.0,1
822,0,1,561,0,822.0,822,0.0,0,1.0,1
823,0,1,1929,0,823.0,823,0.0,0,1.0,1
824,0,1,62,0,824.0,824,0.0,0,1.0,1
825,0,1,1699,0,825.0,825,0.0,0,1.0,1
826,0,1,543,0,826.0,826,0.0,0,1.0,1
827,0,1,1180,0,827.0,827,0.0,0,1.0,1
828,0,1,1827,0,828.0,828,0.0,0,1.0,1
829,0,1,1053,0,829.0,829,0.0,0,1.0,1
830,0,1,1492,0,830.0,830,0.0,0,1.0,1
831,0,0,246,0,831.0,831,0.0,0,0.0,0
832,0,1,1501,0,832.0,832,0.0,0,1.0,1
833,0,1,1241,0,833.0,833,0.0,0,1.0,1
834,0,1,458,0,834.0,834,0.0,0,1.0,1
835,0,1,1105,0,835.0,835,0.0,0,1.0,1
836,0,1,829,0,836.0,836,0.0,0,1.0,1
837,0,1,1270,0,837.0,837,0.0,0,1.0,1
838,0,1,1925,0,838.0,838,0.0,0,1.0,1
839,0,2,174,0,839.0,839,0.0,0,2.0,2
840,0,1,772,0,840.0,840,0.0,0,1.0,1
841,0,1,1191,0,841.0,841,0.0,0,1.0,1
842,0,1,948,0,842.0,842,0.0,0,1.0,1
843,0,1,1466,0,843.0,843,0.0,0,1.0,1
844,0,1,185,0,844.0,844,0.0,0,1.0,1
845,0,1,1489,0,845.0,845,0.0,0,1.0,1
846,0,1,1949,0,846.0,846,0.0,0,1.0,1
847,0,1,1702,0,847.0,847,0.0,0,1.0,1
848,0,1,337,0,848.0,848,0.0,0,1.0,1
849,0,1,1582,0,849.0,849,0.0,0,1.0,1
850,0,1,781,0,850.0,850,0.0,0,1.0,1
851,0,1,1486,0,851.0,851,0.0,0,1.0,1
852,0,1,1045,0,852.0,852,0.0,0,1.0,1
853,0,1,797,0,853.0,853,0.0,0,1.0,1
854,0,1,1071,0,854.0,854,0.0,0,1.0,1
855,0,1,1485,0,855.0,855,0.0,0,1.0,1
856,0,1,1484,0,856.0,856,0.0,0,1.0,1
857,0,2,203,0,857.0,857,0.0,0,2.0,2
858,0,1,660,0,858.0,858,0.0,0,1.0,1
859,0,1,1482,0,859.0,859,0.0,0,1.0,1
860,0,1,89,0,860.0,860,0.0,0,1.0,1
861,0,0,268,0,861.0,861,0.0,0,0.0,0
862,0,1,801,0,862.0,862,0.0,0,1.0,1
863,0,1,1958,0,863.0,863,0.0,0,1.0,1
864,0,1,1278,0,864.0,864,0.0,0,1.0,1
865,0,1,1997,0,865.0,865,0.0,0,1.0,1
866,0,2,47,0,866.0,866,0.0,0,2.0,2
867,0,2,38,0,867.0,867,0.0,0,2.0,2
868,0,1,1012,0,868.0,868,0.0,0,1.0,1
869,0,2,33,0,869.0,869,0.0,0,2.0,2
870,0,2,211,0,870.0,870,0.0,0,2.0,2
871,0,1,2007,0,871.0,871,0.0,0,1.0,1
872,0,1,637,0,872.0,872,0.0,0,1.0,1
873,0,1,1478,0,873.0,873,0.0,0,1.0,1
874,0,1,705,0,874.0,874,0.0,0,1.0,1
875,0,1,889,0,875.0,875,0.0,0,1.0,1
876,0,1,1630,0,876.0,876,0.0,0,1.0,1
877,0,1,2026,0,877.0,877,0.0,0,1.0,1
878,0,1,717,0,878.0,878,0.0,0,1.0,1
879,0,2,148,0,879.0,879,0.0,0,2.0,2
880,0,1,868,0,880.0,880,0.0,0,1.0,1
881,0,1,1167,0,881.0,881,0.0,0,1.0,1
882,0,1,487,0,882.0,882,0.0,0,1.0,1
883,0,1,1144,0,883.0,883,0.0,0,1.0,1
884,0,1,840,0,884.0,884,0.0,0,1.0,1
885,0,1,1275,0,885.0,885,0.0,0,1.0,1
886,0,1,1744,0,886.0,886,0.0,0,1.0,1
887,0,1,1477,0,887.0,887,0.0,0,1.0,1
888,0,1,1185,0,888.0,888,0.0,0,1.0,1
889,0,1,661,0,889.0,889,0.0,0,1.0,1
890,0,1,354,0,890.0,890,0.0,0,1.0,1
891,0,1,1004,0,891.0,891,0.0,0,1.0,1
892,0,1,1129,0,892.0,892,0.0,0,1.0,1
893,0,1,1475,0,893.0,893,0.0,0,1.0,1
894,0,1,509,0,894.0,894,0.0,0,1.0,1
895,0,1,539,0,895.0,895,0.0,0,1.0,1
896,0,1,1473,0,896.0,896,0.0,0,1.0,1
897,0,1,689,0,897.0,897,0.0,0,1.0,1
898,0,0,249,0,898.0,898,0.0,0,0.0,0
899,0,0,343,0,899.0,899,0.0,0,0.0,0
900,0,1,674,0,900.0,900,0.0,0,1.0,1
901,0,1,1361,0,901.0,901,0.0,0,1.0,1
902,0,1,1472,0,902.0,902,0.0,0,1.0,1
903,0,1,1269,0,903.0,903,0.0,0,1.0,1
904,0,1,335,0,904.0,904,0.0,0,1.0,1
905,0,1,1471,0,905.0,905,0.0,0,1.0,1
906,0,1,1195,0,906.0,906,0.0,0,1.0,1
907,0,1,952,0,907.0,907,0.0,0,1.0,1
908,0,1,1154,0,908.0,908,0.0,0,1.0,1
909,0,1,1421,0,909.0,909,0.0,0,1.0,1
910,0,1,897,0,910.0,910,0.0,0,1.0,1
911,0,1,1470,0,911.0,911,0.0,0,1.0,1
912,0,1,803,0,912.0,912,0.0,0,1.0,1
913,0,1,459,0,913.0,913,0.0,0,1.0,1
914,0,1,679,0,914.0,914,0.0,0,1.0,1
915,0,1,1639,0,915.0,915,0.0,0,1.0,1
916,0,1,1617,0,916.0,916,0.0,0,1.0,1
917,0,1,1777,0,917.0,917,0.0,0,1.0,1
918,0,1,521,0,918.0,918,0.0,0,1.0,1
919,0,1,1469,0,919.0,919,0.0,0,1.0,1
920,0,1,350,0,920.0,920,0.0,0,1.0,1
921,0,1,1355,0,921.0,921,0.0,0,1.0,1
922,0,1,1040,0,922.0,922,0.0,0,1.0,1
923,0,0,339,0,923.0,923,0.0,0,0.0,0
924,0,0,366,0,924.0,924,0.0,0,0.0,0
925,0,1,1735,0,925.0,925,0.0,0,1.0,1
926,0,0,141,0,926.0,926,0.0,0,0.0,0
927,0,0,253,0,927.0,927,0.0,0,0.0,0
928,0,1,1442,0,928.0,928,0.0,0,1.0,1
929,0,1,1273,0,929.0,929,0.0,0,1.0,1
930,0,1,2008,0,930.0,930,0.0,0,1.0,1
931,0,1,1769,0,931.0,931,0.0,0,1.0,1
932,0,1,811,0,932.0,932,0.0,0,1.0,1
933,0,1,483,0,933.0,933,0.0,0,1.0,1
934,0,1,1465,0,934.0,934,0.0,0,1.0,1
935,0,1,2016,0,935.0,935,0.0,0,1.0,1
936,0,1,1464,0,936.0,936,0.0,0,1.0,1
937,0,1,2029,0,937.0,937,0.0,0,1.0,1
938,0,1,1575,0,938.0,938,0.0,0,1.0,1
939,0,1,1968,0,939.0,939,0.0,0,1.0,1
940,0,1,1051,0,940.0,940,0.0,0,1.0,1
941,0,1,282,0,941.0,941,0.0,0,1.0,1
942,0,1,1011,0,942.0,942,0.0,0,1.0,1
943,0,1,1260,0,943.0,943,0.0,0,1.0,1
944,0,1,1058,0,944.0,944,0.0,0,1.0,1
945,0,1,1143,0,945.0,945,0.0,0,1.0,1
946,0,1,1021,0,946.0,946,0.0,0,1.0,1
947,0,1,676,0,947.0,947,0.0,0,1.0,1
948,0,1,944,0,948.0,948,0.0,0,1.0,1
949,0,1,1773,0,949.0,949,0.0,0,1.0,1
950,0,1,1296,0,950.0,950,0.0,0,1.0,1
951,0,1,1479,0,951.0,951,0.0,0,1.0,1
952,0,1,1463,0,952.0,952,0.0,0,1.0,1
953,0,1,1245,0,953.0,953,0.0,0,1.0,1
954,0,0,86,0,954.0,954,0.0,0,0.0,0
955,0,1,1190,0,955.0,955,0.0,0,1.0,1
956,0,1,1903,0,956.0,956,0.0,0,1.0,1
957,0,1,955,0,957.0,957,0.0,0,1.0,1
958,0,0,312,0,958.0,958,0.0,0,0.0,0
959,0,1,300,0,959.0,959,0.0,0,1.0,1
960,0,1,1350,0,960.0,960,0.0,0,1.0,1
961,0,0,383,0,961.0,961,0.0,0,0.0,0
962,0,1,1462,0,962.0,962,0.0,0,1.0,1
963,0,0,207,0,963.0,963,0.0,0,0.0,0
964,0,0,32,0,964.0,964,0.0,0,0.0,0
965,0,0,316,0,965.0,965,0.0,0,0.0,0
966,0,1,1848,0,966.0,966,0.0,0,1.0,1
967,0,1,1315,0,967.0,967,0.0,0,1.0,1
968,0,1,464,0,968.0,968,0.0,0,1.0,1
969,0,1,714,0,969.0,969,0.0,0,1.0,1
970,0,1,635,0,970.0,970,0.0,0,1.0,1
971,0,1,1966,0,971.0,971,0.0,0,1.0,1
972,0,1,511,0,972.0,972,0.0,0,1.0,1
973,0,1,1679,0,973.0,973,0.0,0,1.0,1
974,0,1,737,0,974.0,974,0.0,0,1.0,1
975,0,1,1114,0,975.0,975,0.0,0,1.0,1
976,0,1,484,0,976.0,976,0.0,0,1.0,1
977,0,1,1553,0,977.0,977,0.0,0,1.0,1
978,0,1,620,0,978.0,978,0.0,0,1.0,1
979,0,0,176,0,979.0,979,0.0,0,0.0,0
980,0,1,1233,0,980.0,980,0.0,0,1.0,1
981,0,1,1700,0,981.0,981,0.0,0,1.0,1
982,0,1,1276,0,982.0,982,0.0,0,1.0,1
983,0,1,41,0,983.0,983,0.0,0,1.0,1
984,0,1,784,0,984.0,984,0.0,0,1.0,1
985,0,1,1828,0,985.0,985,0.0,0,1.0,1
986,0,0,347,0,986.0,986,0.0,0,0.0,0
987,0,1,1400,0,987.0,987,0.0,0,1.0,1
988,0,1,3,0,988.0,988,0.0,0,1.0,1
989,0,1,1689,0,989.0,989,0.0,0,1.0,1
990,0,1,1719,0,990.0,990,0.0,0,1.0,1
991,0,1,1513,0,991.0,991,0.0,0,1.0,1
992,0,1,860,0,992.0,992,0.0,0,1.0,1
993,0,1,1682,0,993.0,993,0.0,0,1.0,1
994,0,1,1357,0,994.0,994,0.0,0,1.0,1
995,0,1,1731,0,995.0,995,0.0,0,1.0,1
996,0,1,711,0,996.0,996,0.0,0,1.0,1
997,0,1,607,0,997.0,997,0.0,0,1.0,1
998,0,1,1759,0,998.0,998,0.0,0,1.0,1
999,0,1,445,0,999.0,999,0.0,0,1.0,1
1000,0,1,1362,0,1000.0,1000,0.0,0,1.0,1
1001,0,1,662,0,1001.0,1001,0.0,0,1.0,1
1002,0,1,1580,0,1002.0,1002,0.0,0,1.0,1
1003,0,1,1459,0,1003.0,1003,0.0,0,1.0,1
1004,0,1,1415,0,1004.0,1004,0.0,0,1.0,1
1005,0,0,57,0,1005.0,1005,0.0,0,0.0,0
1006,0,1,911,0,1006.0,1006,0.0,0,1.0,1
1007,0,1,1458,0,1007.0,1007,0.0,0,1.0,1
1008,0,1,725,0,1008.0,1008,0.0,0,1.0,1
1009,0,0,341,0,1009.0,1009,0.0,0,0.0,0
1010,0,0,311,0,1010.0,1010,0.0,0,0.0,0
1011,0,1,844,0,1011.0,1011,0.0,0,1.0,1
1012,0,1,1771,0,1012.0,1012,0.0,0,1.0,1
1013,0,1,815,0,1013.0,1013,0.0,0,1.0,1
1014,0,0,359,0,1014.0,1014,0.0,0,0.0,0
1015,0,1,1858,0,1015.0,1015,0.0,0,1.0,1
1016,0,1,1896,0,1016.0,1016,0.0,0,1.0,1
1017,0,1,1862,0,1017.0,1017,0.0,0,1.0,1
1018,0,1,1800,0,1018.0,1018,0.0,0,1.0,1
1019,0,1,1065,0,1019.0,1019,0.0,0,1.0,1
1020,0,1,567,0,1020.0,1020,0.0,0,1.0,1
1021,0,1,1022,0,1021.0,1021,0.0,0,1.0,1
1022,0,1,1676,0,1022.0,1022,0.0,0,1.0,1
1023,0,1,1457,0,1023.0,1023,0.0,0,1.0,1
1024,0,1,1456,0,1024.0,1024,0.0,0,1.0,1
1025,0,0,329,0,1025.0,1025,0.0,0,0.0,0
1026,0,1,1454,0,1026.0,1026,0.0,0,1.0,1
1027,0,1,1453,0,1027.0,1027,0.0,0,1.0,1
1028,0,1,1165,0,1028.0,1028,0.0,0,1.0,1
1029,0,1,1623,0,1029.0,1029,0.0,0,1.0,1
1030,0,1,770,0,1030.0,1030,0.0,0,1.0,1
1031,0,1,1706,0,1031.0,1031,0.0,0,1.0,1
1032,0,1,1870,0,1032.0,1032,0.0,0,1.0,1
1033,0,1,1451,0,1033.0,1033,0.0,0,1.0,1
1034,0,1,1450,0,1034.0,1034,0.0,0,1.0,1
1035,0,1,457,0,1035.0,1035,0.0,0,1.0,1
1036,0,1,1668,0,1036.0,1036,0.0,0,1.0,1
1037,0,1,435,0,1037.0,1037,0.0,0,1.0,1
1038,0,1,985,0,1038.0,1038,0.0,0,1.0,1
1039,0,1,1736,0,1039.0,1039,0.0,0,1.0,1
1040,0,1,1449,0,1040.0,1040,0.0,0,1.0,1
1041,0,2,115,0,1041.0,1041,0.0,0,2.0,2
1042,0,1,651,0,1042.0,1042,0.0,0,1.0,1
1043,0,0,318,0,1043.0,1043,0.0,0,0.0,0
1044,0,1,1170,0,1044.0,1044,0.0,0,1.0,1
1045,0,1,548,0,1045.0,1045,0.0,0,1.0,1
1046,0,1,1709,0,1046.0,1046,0.0,0,1.0,1
1047,0,0,150,0,1047.0,1047,0.0,0,0.0,0
1048,0,1,1631,0,1048.0,1048,0.0,0,1.0,1
1049,0,1,1238,0,1049.0,1049,0.0,0,1.0,1
1050,0,1,1448,0,1050.0,1050,0.0,0,1.0,1
1051,0,1,1601,0,1051.0,1051,0.0,0,1.0,1
1052,0,1,421,0,1052.0,1052,0.0,0,1.0,1
1053,0,1,1197,0,1053.0,1053,0.0,0,1.0,1
1054,0,1,1854,0,1054.0,1054,0.0,0,1.0,1
1055,0,1,841,0,1055.0,1055,0.0,0,1.0,1
1056,0,0,418,0,1056.0,1056,0.0,0,0.0,0
1057,0,1,328,0,1057.0,1057,0.0,0,1.0,1
1058,0,1,1573,0,1058.0,1058,0.0,0,1.0,1
1059,0,1,1420,0,1059.0,1059,0.0,0,1.0,1
1060,0,1,1446,0,1060.0,1060,0.0,0,1.0,1
1061,0,1,466,0,1061.0,1061,0.0,0,1.0,1
1062,0,1,1666,0,1062.0,1062,0.0,0,1.0,1
1063,0,1,48,0,1063.0,1063,0.0,0,1.0,1
1064,0,1,1823,0,1064.0,1064,0.0,0,1.0,1
1065,0,0,254,0,1065.0,1065,0.0,0,0.0,0
1066,0,1,1370,0,1066.0,1066,0.0,0,1.0,1
1067,0,1,1444,0,1067.0,1067,0.0,0,1.0,1
1068,0,1,277,0,1068.0,1068,0.0,0,1.0,1
1069,0,1,990,0,1069.0,1069,0.0,0,1.0,1
1070,0,1,1217,0,1070.0,1070,0.0,0,1.0,1
1071,0,1,1203,0,1071.0,1071,0.0,0,1.0,1
1072,0,1,492,0,1072.0,1072,0.0,0,1.0,1
1073,0,2,108,0,1073.0,1073,0.0,0,2.0,2
1074,0,1,1149,0,1074.0,1074,0.0,0,1.0,1
1075,0,1,1047,0,1075.0,1075,0.0,0,1.0,1
1076,0,1,1924,0,1076.0,1076,0.0,0,1.0,1
1077,0,1,1778,0,1077.0,1077,0.0,0,1.0,1
1078,0,1,1046,0,1078.0,1078,0.0,0,1.0,1
1079,0,2,183,0,1079.0,1079,0.0,0,2.0,2
1080,0,1,1441,0,1080.0,1080,0.0,0,1.0,1
1081,0,1,1067,0,1081.0,1081,0.0,0,1.0,1
1082,0,0,73,0,1082.0,1082,0.0,0,0.0,0
1083,0,1,2000,0,1083.0,1083,0.0,0,1.0,1
1084,0,1,1133,0,1084.0,1084,0.0,0,1.0,1
1085,0,1,991,0,1085.0,1085,0.0,0,1.0,1
1086,0,1,1795,0,1086.0,1086,0.0,0,1.0,1
1087,0,1,1128,0,1087.0,1087,0.0,0,1.0,1
1088,0,2,29,0,1088.0,1088,0.0,0,2.0,2
1089,0,1,1948,0,1089.0,1089,0.0,0,1.0,1
1090,0,1,1439,0,1090.0,1090,0.0,0,1.0,1
1091,0,1,910,0,1091.0,1091,0.0,0,1.0,1
1092,0,1,1433,0,1092.0,1092,0.0,0,1.0,1
1093,0,1,1432,0,1093.0,1093,0.0,0,1.0,1
1094,0,1,546,0,1094.0,1094,0.0,0,1.0,1
1095,1,1,1730,0,1095.0,1095,1.0,1,1.0,1
1096,1,1,2044,0,1096.0,1096,1.0,1,1.0,1
1097,1,1,787,0,1097.0,1097,1.0,1,1.0,1
1098,0,1,879,0,1098.0,1098,0.0,0,1.0,1
1099,0,1,757,0,1099.0,1099,0.0,0,1.0,1
1100,0,1,1378,0,1100.0,1100,0.0,0,1.0,1
1101,0,1,1188,0,1101.0,1101,0.0,0,1.0,1
1102,1,1,2080,0,1102.0,1102,1.0,1,1.0,1
1103,0,1,1181,0,1103.0,1103,0.0,0,1.0,1
1104,0,1,1461,0,1104.0,1104,0.0,0,1.0,1
1105,0,1,1847,0,1105.0,1105,0.0,0,1.0,1
1106,0,1,1226,0,1106.0,1106,0.0,0,1.0,1
1107,0,1,1934,0,1107.0,1107,0.0,0,1.0,1
1108,1,1,1205,0,1108.0,1108,1.0,1,1.0,1
1109,0,1,1490,0,1109.0,1109,0.0,0,1.0,1
1110,0,1,1996,0,1110.0,1110,0.0,0,1.0,1
1111,0,1,1850,0,1111.0,1111,0.0,0,1.0,1
1112,0,1,1228,0,1112.0,1112,0.0,0,1.0,1
1113,0,1,1431,0,1113.0,1113,0.0,0,1.0,1
1114,0,1,857,0,1114.0,1114,0.0,0,1.0,1
1115,0,1,701,0,1115.0,1115,0.0,0,1.0,1
1116,0,1,1578,0,1116.0,1116,0.0,0,1.0,1
1117,0,1,767,0,1117.0,1117,0.0,0,1.0,1
1118,0,1,1411,0,1118.0,1118,0.0,0,1.0,1
1119,0,1,1316,0,1119.0,1119,0.0,0,1.0,1
1120,0,0,292,0,1120.0,1120,0.0,0,0.0,0
1121,0,0,310,0,1121.0,1121,0.0,0,0.0,0
1122,0,1,1409,0,1122.0,1122,0.0,0,1.0,1
1123,1,1,1930,0,1123.0,1123,1.0,1,1.0,1
1124,0,1,1408,0,1124.0,1124,0.0,0,1.0,1
1125,0,1,437,0,1125.0,1125,0.0,0,1.0,1
1126,0,1,1837,0,1126.0,1126,0.0,0,1.0,1
1127,0,1,1957,0,1127.0,1127,0.0,0,1.0,1
1128,0,1,259,0,1128.0,1128,0.0,0,1.0,1
1129,1,1,519,0,1129.0,1129,1.0,1,1.0,1
1130,1,1,648,0,1130.0,1130,1.0,1,1.0,1
1131,0,1,608,0,1131.0,1131,0.0,0,1.0,1
1132,0,1,962,0,1132.0,1132,0.0,0,1.0,1
1133,0,1,346,0,1133.0,1133,0.0,0,1.0,1
1134,0,1,627,0,1134.0,1134,0.0,0,1.0,1
1135,0,0,376,0,1135.0,1135,0.0,0,0.0,0
1136,0,1,1877,0,1136.0,1136,0.0,0,1.0,1
1137,0,1,1402,0,1137.0,1137,0.0,0,1.0,1
1138,0,0,59,0,1138.0,1138,0.0,0,0.0,0
1139,0,1,1881,0,1139.0,1139,0.0,0,1.0,1
1140,0,1,1172,0,1140.0,1140,0.0,0,1.0,1
1141,0,1,1739,0,1141.0,1141,0.0,0,1.0,1
1142,0,0,188,0,1142.0,1142,0.0,0,0.0,0
1143,0,1,963,0,1143.0,1143,0.0,0,1.0,1
1144,0,1,1399,0,1144.0,1144,0.0,0,1.0,1
1147,0,1,690,0,1147.0,2294,0.0,0,1.0,2
1145,0,1,738,0,1145.0,1145,0.0,0,1.0,1
1146,0,1,18,0,1146.0,1146,0.0,0,1.0,1
1147,0,1,1829,0,1147.0,2294,0.0,0,1.0,2
1148,0,1,1160,0,1148.0,1148,0.0,0,1.0,1
1149,0,1,1775,0,1149.0,1149,0.0,0,1.0,1
1150,0,1,819,0,1150.0,1150,0.0,0,1.0,1
1151,0,1,1135,0,1151.0,1151,0.0,0,1.0,1
1152,0,1,874,0,1152.0,1152,0.0,0,1.0,1
1153,0,0,69,0,1153.0,1153,0.0,0,0.0,0
1154,0,1,1394,0,1154.0,1154,0.0,0,1.0,1
1155,0,1,489,0,1155.0,1155,0.0,0,1.0,1
1156,0,1,1939,0,1156.0,1156,0.0,0,1.0,1
1157,0,1,1932,0,1157.0,1157,0.0,0,1.0,1
1158,0,1,1931,0,1158.0,1158,0.0,0,1.0,1
1159,0,1,1407,0,1159.0,1159,0.0,0,1.0,1
1160,0,1,961,0,1160.0,1160,0.0,0,1.0,1
1161,0,1,975,0,1161.0,1161,0.0,0,1.0,1
1162,0,0,144,0,1162.0,1162,0.0,0,0.0,0
1163,0,0,63,0,1163.0,1163,0.0,0,0.0,0
1164,0,1,1414,0,1164.0,1164,0.0,0,1.0,1
1165,0,1,456,0,1165.0,1165,0.0,0,1.0,1
1166,0,1,1248,0,1166.0,1166,0.0,0,1.0,1
1167,1,1,2049,0,1167.0,1167,1.0,1,1.0,1
1168,1,1,926,0,1168.0,1168,1.0,1,1.0,1
1169,0,1,592,0,1169.0,1169,0.0,0,1.0,1
1170,0,1,1872,0,1170.0,1170,0.0,0,1.0,1
1171,0,1,1946,0,1171.0,1171,0.0,0,1.0,1
1172,0,1,1030,0,1172.0,1172,0.0,0,1.0,1
1173,1,1,2102,0,1173.0,1173,1.0,1,1.0,1
1174,0,1,1000,0,1174.0,1174,0.0,0,1.0,1
1175,0,1,488,0,1175.0,1175,0.0,0,1.0,1
1176,0,1,974,0,1176.0,1176,0.0,0,1.0,1
1177,0,1,1373,0,1177.0,1177,0.0,0,1.0,1
1178,0,1,1061,0,1178.0,1178,0.0,0,1.0,1
1179,0,1,751,0,1179.0,1179,0.0,0,1.0,1
1180,0,1,1028,0,1180.0,1180,0.0,0,1.0,1
1181,0,1,1150,0,1181.0,2362,0.0,0,1.0,2
1181,0,1,1202,0,1181.0,2362,0.0,0,1.0,2
1182,0,1,2004,0,1182.0,1182,0.0,0,1.0,1
1183,0,1,1372,0,1183.0,1183,0.0,0,1.0,1
1184,0,1,1474,0,1184.0,1184,0.0,0,1.0,1
1185,0,1,763,0,1185.0,1185,0.0,0,1.0,1
1186,0,1,806,0,1186.0,1186,0.0,0,1.0,1
1187,0,0,417,0,1187.0,1187,0.0,0,0.0,0
1188,0,1,1783,0,1188.0,1188,0.0,0,1.0,1
1189,0,1,1118,0,1189.0,1189,0.0,0,1.0,1
1190,1,1,2051,0,1190.0,1190,1.0,1,1.0,1
1191,0,1,1761,0,1191.0,1191,0.0,0,1.0,1
1192,0,1,1401,0,1192.0,1192,0.0,0,1.0,1
1193,0,1,1019,0,1193.0,1193,0.0,0,1.0,1
1194,0,1,1175,0,1194.0,1194,0.0,0,1.0,1
1195,0,1,1182,0,1195.0,1195,0.0,0,1.0,1
1198,0,1,1161,0,1198.0,1198,0.0,0,1.0,1
1196,0,0,133,0,1196.0,1196,0.0,0,0.0,0
1197,0,1,468,0,1197.0,1197,0.0,0,1.0,1
1199,0,1,1586,0,1199.0,1199,0.0,0,1.0,1
1200,0,1,939,0,1200.0,1200,0.0,0,1.0,1
1201,0,1,315,0,1201.0,1201,0.0,0,1.0,1
1202,0,1,1369,0,1202.0,1202,0.0,0,1.0,1
1203,0,1,1124,0,1203.0,1203,0.0,0,1.0,1
1204,0,0,222,0,1204.0,1204,0.0,0,0.0,0
1205,0,1,1302,0,1205.0,1205,0.0,0,1.0,1
1206,0,1,1212,0,1206.0,1206,0.0,0,1.0,1
1207,0,1,1084,0,1207.0,1207,0.0,0,1.0,1
1208,0,1,766,0,1208.0,1208,0.0,0,1.0,1
1209,1,1,2054,0,1209.0,1209,1.0,1,1.0,1
1210,1,1,2073,0,1210.0,1210,1.0,1,1.0,1
1211,0,0,322,0,1211.0,1211,0.0,0,0.0,0
1212,0,1,802,0,1212.0,1212,0.0,0,1.0,1
1213,0,1,304,0,1213.0,1213,0.0,0,1.0,1
1214,0,1,1651,0,1214.0,1214,0.0,0,1.0,1
1215,0,1,1804,0,1215.0,1215,0.0,0,1.0,1
1216,0,1,698,0,1216.0,1216,0.0,0,1.0,1
1217,1,1,672,0,1217.0,1217,1.0,1,1.0,1
1218,0,0,98,0,1218.0,1218,0.0,0,0.0,0
1219,0,1,791,0,1219.0,1219,0.0,0,1.0,1
1220,0,1,1906,0,1220.0,1220,0.0,0,1.0,1
1221,0,1,1365,0,1221.0,1221,0.0,0,1.0,1
1222,0,1,904,0,1222.0,1222,0.0,0,1.0,1
1223,0,1,1364,0,1223.0,1223,0.0,0,1.0,1
1224,0,0,14,0,1224.0,1224,0.0,0,0.0,0
1225,0,1,363,0,1225.0,1225,0.0,0,1.0,1
1226,0,1,447,0,1226.0,1226,0.0,0,1.0,1
1227,1,1,2131,0,1227.0,1227,1.0,1,1.0,1
1228,0,1,1363,0,1228.0,1228,0.0,0,1.0,1
1229,0,1,983,0,1229.0,1229,0.0,0,1.0,1
1230,0,1,1904,0,1230.0,1230,0.0,0,1.0,1
1231,0,1,131,0,1231.0,1231,0.0,0,1.0,1
1232,0,1,1455,0,1232.0,1232,0.0,0,1.0,1
1233,0,1,1308,0,1233.0,1233,0.0,0,1.0,1
1234,0,1,92,0,1234.0,1234,0.0,0,1.0,1
1235,0,1,1001,0,1235.0,1235,0.0,0,1.0,1
1236,0,1,2018,0,1236.0,1236,0.0,0,1.0,1
1237,0,1,1619,0,1237.0,1237,0.0,0,1.0,1
1238,0,1,1218,0,1238.0,1238,0.0,0,1.0,1
1239,0,1,265,0,1239.0,1239,0.0,0,1.0,1
1240,0,1,1982,0,1240.0,1240,0.0,0,1.0,1
1241,0,1,1570,0,1241.0,1241,0.0,0,1.0,1
1242,0,1,1035,0,1242.0,1242,0.0,0,1.0,1
1243,0,1,52,0,1243.0,1243,0.0,0,1.0,1
1244,0,1,1452,0,1244.0,1244,0.0,0,1.0,1
1245,1,1,793,0,1245.0,1245,1.0,1,1.0,1
1246,0,1,162,0,1246.0,1246,0.0,0,1.0,1
1247,0,0,274,0,1247.0,1247,0.0,0,0.0,0
1248,0,1,1168,0,1248.0,1248,0.0,0,1.0,1
1249,1,1,2107,0,1249.0,1249,1.0,1,1.0,1
1250,1,1,473,0,1250.0,1250,1.0,1,1.0,1
1251,1,1,2119,0,1251.0,1251,1.0,1,1.0,1
1252,1,1,875,0,1252.0,1252,1.0,1,1.0,1
1253,1,1,2068,0,1253.0,1253,1.0,1,1.0,1
1254,0,1,950,0,1254.0,1254,0.0,0,1.0,1
1255,0,1,1349,0,1255.0,1255,0.0,0,1.0,1
1256,0,1,1348,0,1256.0,2512,0.0,0,1.0,2
1256,0,1,1066,0,1256.0,2512,0.0,0,1.0,2
1257,0,1,1027,0,1257.0,1257,0.0,0,1.0,1
1258,0,1,743,0,1258.0,1258,0.0,0,1.0,1
1259,0,1,835,0,1259.0,1259,0.0,0,1.0,1
1260,0,0,407,0,1260.0,1260,0.0,0,0.0,0
1261,0,1,1345,0,1261.0,1261,0.0,0,1.0,1
1262,0,0,290,0,1262.0,1262,0.0,0,0.0,0
1263,1,1,1493,0,1263.0,1263,1.0,1,1.0,1
1264,1,1,2141,0,1264.0,1264,1.0,1,1.0,1
1265,1,1,248,0,1265.0,1265,1.0,1,1.0,1
1266,1,1,2028,0,1266.0,1266,1.0,1,1.0,1
1267,0,0,406,0,1267.0,1267,0.0,0,0.0,0
1268,0,1,2036,0,1268.0,1268,0.0,0,1.0,1
1269,0,1,1341,0,1269.0,1269,0.0,0,1.0,1
1270,1,1,2103,0,1270.0,1270,1.0,1,1.0,1
1271,0,1,1340,0,1271.0,1271,0.0,0,1.0,1
1272,0,1,817,0,1272.0,1272,0.0,0,1.0,1
1273,0,3,9,0,1273.0,1273,0.0,0,3.0,3
1274,0,1,1096,0,1274.0,1274,0.0,0,1.0,1
1275,0,1,1919,0,1275.0,1275,0.0,0,1.0,1
1276,0,1,1874,0,1276.0,1276,0.0,0,1.0,1
1277,0,1,1953,0,1277.0,1277,0.0,0,1.0,1
1278,0,1,469,0,1278.0,1278,0.0,0,1.0,1
1279,0,1,171,0,1279.0,1279,0.0,0,1.0,1
1280,0,2,93,0,1280.0,1280,0.0,0,2.0,2
1281,0,2,84,0,1281.0,1281,0.0,0,2.0,2
1282,0,0,205,0,1282.0,1282,0.0,0,0.0,0
1283,0,1,745,0,1283.0,1283,0.0,0,1.0,1
1284,0,1,785,0,1284.0,1284,0.0,0,1.0,1
1285,0,2,173,0,1285.0,1285,0.0,0,2.0,2
1286,0,2,60,0,1286.0,1286,0.0,0,2.0,2
1378,0,1,831,0,1378.0,1378,0.0,0,1.0,1
1287,0,1,1571,0,1287.0,1287,0.0,0,1.0,1
1288,0,1,1336,0,1288.0,1288,0.0,0,1.0,1
1289,0,1,761,0,1289.0,1289,0.0,0,1.0,1
1290,0,1,1641,0,1290.0,1290,0.0,0,1.0,1
1291,0,1,1647,0,1291.0,1291,0.0,0,1.0,1
1292,0,1,1749,0,1292.0,1292,0.0,0,1.0,1
1293,0,1,1017,0,1293.0,1293,0.0,0,1.0,1
1294,0,1,1660,0,1294.0,1294,0.0,0,1.0,1
1295,0,1,1334,0,1295.0,1295,0.0,0,1.0,1
1296,0,1,1333,0,1296.0,1296,0.0,0,1.0,1
1297,0,1,1505,0,1297.0,1297,0.0,0,1.0,1
1298,0,1,1332,0,1298.0,1298,0.0,0,1.0,1
1299,0,1,1935,0,1299.0,1299,0.0,0,1.0,1
1300,0,1,1013,0,1300.0,1300,0.0,0,1.0,1
1302,0,1,1331,0,1302.0,1302,0.0,0,1.0,1
1303,0,1,907,0,1303.0,1303,0.0,0,1.0,1
1301,0,1,1665,0,1301.0,1301,0.0,0,1.0,1
1304,0,1,906,0,1304.0,1304,0.0,0,1.0,1
1305,0,1,1705,0,1305.0,1305,0.0,0,1.0,1
1306,0,1,582,0,1306.0,1306,0.0,0,1.0,1
1307,0,1,930,0,1307.0,1307,0.0,0,1.0,1
1308,0,1,1330,0,1308.0,1308,0.0,0,1.0,1
1309,0,2,96,0,1309.0,1309,0.0,0,2.0,2
1310,0,1,981,0,1310.0,1310,0.0,0,1.0,1
1311,0,0,17,0,1311.0,1311,0.0,0,0.0,0
1312,0,1,931,0,1312.0,1312,0.0,0,1.0,1
1313,0,1,663,0,1313.0,1313,0.0,0,1.0,1
1314,0,1,1329,0,1314.0,1314,0.0,0,1.0,1
1315,0,1,317,0,1315.0,1315,0.0,0,1.0,1
1316,0,1,881,0,1316.0,1316,0.0,0,1.0,1
1317,0,1,706,0,1317.0,1317,0.0,0,1.0,1
1318,0,1,1187,0,1318.0,1318,0.0,0,1.0,1
1319,0,1,298,0,1319.0,1319,0.0,0,1.0,1
1320,0,1,605,0,1320.0,1320,0.0,0,1.0,1
1321,0,1,1328,0,1321.0,1321,0.0,0,1.0,1
1322,0,1,884,0,1322.0,1322,0.0,0,1.0,1
1323,0,1,1572,0,1323.0,1323,0.0,0,1.0,1
1324,0,1,916,0,1324.0,1324,0.0,0,1.0,1
1325,0,1,1327,0,1325.0,1325,0.0,0,1.0,1
1326,0,1,1793,0,1326.0,1326,0.0,0,1.0,1
1327,0,1,1326,0,1327.0,1327,0.0,0,1.0,1
1328,0,1,502,0,1328.0,1328,0.0,0,1.0,1
1329,0,1,1637,0,1329.0,1329,0.0,0,1.0,1
1330,0,1,261,0,1330.0,1330,0.0,0,1.0,1
1331,0,1,402,0,1331.0,1331,0.0,0,1.0,1
1333,0,0,413,0,1333.0,1333,0.0,0,0.0,0
1334,0,1,256,0,1334.0,1334,0.0,0,1.0,1
1335,0,1,965,0,1335.0,1335,0.0,0,1.0,1
1336,0,1,544,0,1336.0,1336,0.0,0,1.0,1
1332,0,1,70,0,1332.0,1332,0.0,0,1.0,1
1337,0,1,1325,0,1337.0,1337,0.0,0,1.0,1
1338,0,1,617,0,1338.0,1338,0.0,0,1.0,1
1339,0,1,1625,0,1339.0,1339,0.0,0,1.0,1
1340,0,1,1875,0,1340.0,1340,0.0,0,1.0,1
1341,0,1,1324,0,1341.0,1341,0.0,0,1.0,1
1342,0,1,1104,0,1342.0,1342,0.0,0,1.0,1
1343,0,1,1078,0,1343.0,1343,0.0,0,1.0,1
1344,0,1,167,0,1344.0,1344,0.0,0,1.0,1
1345,0,1,1845,0,1345.0,1345,0.0,0,1.0,1
1346,0,0,76,0,1346.0,1346,0.0,0,0.0,0
1347,0,2,20,0,1347.0,1347,0.0,0,2.0,2
1348,0,0,349,0,1348.0,1348,0.0,0,0.0,0
1349,0,1,638,0,1349.0,1349,0.0,0,1.0,1
1350,0,1,1653,0,1350.0,1350,0.0,0,1.0,1
1351,0,1,1250,0,1351.0,1351,0.0,0,1.0,1
1352,0,1,742,0,1352.0,1352,0.0,0,1.0,1
1353,0,1,2027,0,1353.0,1353,0.0,0,1.0,1
1354,0,1,1148,0,1354.0,1354,0.0,0,1.0,1
1355,0,1,1577,0,1355.0,1355,0.0,0,1.0,1
1356,0,1,496,0,1356.0,1356,0.0,0,1.0,1
1357,0,1,877,0,1357.0,1357,0.0,0,1.0,1
1358,0,1,893,0,1358.0,1358,0.0,0,1.0,1
1359,0,1,331,0,1359.0,1359,0.0,0,1.0,1
1360,0,1,822,0,1360.0,1360,0.0,0,1.0,1
1361,0,1,788,0,1361.0,1361,0.0,0,1.0,1
1362,0,1,1100,0,1362.0,1362,0.0,0,1.0,1
1363,0,1,1799,0,1363.0,1363,0.0,0,1.0,1
1364,0,2,50,0,1364.0,1364,0.0,0,2.0,2
1365,0,1,1813,0,1365.0,1365,0.0,0,1.0,1
1366,0,1,1140,0,1366.0,1366,0.0,0,1.0,1
1367,0,0,352,0,1367.0,1367,0.0,0,0.0,0
1368,0,0,234,0,1368.0,1368,0.0,0,0.0,0
1369,0,1,1075,0,1369.0,1369,0.0,0,1.0,1
1370,0,1,1649,0,1370.0,1370,0.0,0,1.0,1
1371,0,0,299,0,1371.0,1371,0.0,0,0.0,0
1372,0,1,1980,0,1372.0,1372,0.0,0,1.0,1
1373,0,1,1884,0,1373.0,1373,0.0,0,1.0,1
1374,0,1,1426,0,1374.0,1374,0.0,0,1.0,1
1375,0,1,549,0,1375.0,1375,0.0,0,1.0,1
1376,0,0,67,0,1376.0,1376,0.0,0,0.0,0
1377,0,1,1914,0,1377.0,1377,0.0,0,1.0,1
1379,0,1,1638,0,1379.0,1379,0.0,0,1.0,1
1380,0,1,446,0,1380.0,1380,0.0,0,1.0,1
1381,0,2,53,0,1381.0,1381,0.0,0,2.0,2
1382,0,1,1784,0,1382.0,1382,0.0,0,1.0,1
1383,1,1,2113,0,1383.0,1383,1.0,1,1.0,1
1384,1,1,2057,0,1384.0,1384,1.0,1,1.0,1
1385,1,1,206,0,1385.0,1385,1.0,1,1.0,1
1386,1,1,208,0,1386.0,1386,1.0,1,1.0,1
1387,1,1,2022,0,1387.0,1387,1.0,1,1.0,1
1388,1,1,2061,0,1388.0,1388,1.0,1,1.0,1
1389,0,1,1311,0,1389.0,1389,0.0,0,1.0,1
1390,1,1,230,0,1390.0,1390,1.0,1,1.0,1
1391,1,1,232,0,1391.0,1391,1.0,1,1.0,1
1392,0,2,166,0,1392.0,1392,0.0,0,2.0,2
1393,0,0,252,0,1393.0,1393,0.0,0,0.0,0
1394,0,0,44,0,1394.0,1394,0.0,0,0.0,0
1395,0,0,400,0,1395.0,1395,0.0,0,0.0,0
1396,0,1,1310,0,1396.0,1396,0.0,0,1.0,1
1397,0,1,1306,0,1397.0,1397,0.0,0,1.0,1
1398,0,1,1834,0,1398.0,1398,0.0,0,1.0,1
1399,1,1,2128,0,1399.0,1399,1.0,1,1.0,1
1400,0,1,1447,0,1400.0,1400,0.0,0,1.0,1
1401,0,1,666,0,1401.0,1401,0.0,0,1.0,1
1402,0,1,2011,0,1402.0,1402,0.0,0,1.0,1
1403,0,1,13,0,1403.0,1403,0.0,0,1.0,1
1404,0,1,1339,0,1404.0,1404,0.0,0,1.0,1
1405,0,1,1785,0,1405.0,1405,0.0,0,1.0,1
1406,0,0,177,0,1406.0,1406,0.0,0,0.0,0
1407,0,1,1193,0,1407.0,1407,0.0,0,1.0,1
1408,0,1,478,0,1408.0,1408,0.0,0,1.0,1
1409,0,1,1288,0,1409.0,1409,0.0,0,1.0,1
1410,0,0,180,0,1410.0,1410,0.0,0,0.0,0
1411,0,2,145,0,1411.0,1411,0.0,0,2.0,2
1412,0,2,192,0,1412.0,1412,0.0,0,2.0,2
1413,0,2,124,0,1413.0,1413,0.0,0,2.0,2
1414,0,2,43,0,1414.0,1414,0.0,0,2.0,2
1415,0,1,1952,0,1415.0,1415,0.0,0,1.0,1
1416,0,0,392,0,1416.0,1416,0.0,0,0.0,0
1417,0,0,377,0,1417.0,1417,0.0,0,0.0,0
1418,0,1,847,0,1418.0,1418,0.0,0,1.0,1
1419,1,1,393,0,1419.0,1419,1.0,1,1.0,1
1420,1,1,1585,0,1420.0,1420,1.0,1,1.0,1
1421,0,1,929,0,1421.0,1421,0.0,0,1.0,1
1422,0,1,1267,0,1422.0,1422,0.0,0,1.0,1
1423,0,1,586,0,1423.0,1423,0.0,0,1.0,1
1424,1,1,2123,0,1424.0,1424,1.0,1,1.0,1
1425,1,1,275,0,1425.0,1425,1.0,1,1.0,1
1426,1,1,394,0,1426.0,1426,1.0,1,1.0,1
1427,0,1,626,0,1427.0,1427,0.0,0,1.0,1
1428,1,1,432,0,1428.0,1428,1.0,1,1.0,1
1429,1,1,720,0,1429.0,1429,1.0,1,1.0,1
1430,0,1,1802,0,1430.0,1430,0.0,0,1.0,1
1431,1,1,2090,0,1431.0,1431,1.0,1,1.0,1
1432,0,1,1936,0,1432.0,1432,0.0,0,1.0,1
1433,0,1,25,0,1433.0,1433,0.0,0,1.0,1
1434,1,1,440,0,1434.0,1434,1.0,1,1.0,1
1435,0,1,729,0,1435.0,1435,0.0,0,1.0,1
1436,0,1,1271,0,1436.0,1436,0.0,0,1.0,1
1437,0,1,1562,0,1437.0,1437,0.0,0,1.0,1
1438,0,1,1846,0,1438.0,1438,0.0,0,1.0,1
1439,0,1,0,0,1439.0,1439,0.0,0,1.0,1
1440,0,1,588,0,1440.0,1440,0.0,0,1.0,1
1441,0,1,1335,0,1441.0,1441,0.0,0,1.0,1
1442,0,0,101,0,1442.0,1442,0.0,0,0.0,0
1443,0,0,385,0,1443.0,1443,0.0,0,0.0,0
1444,0,1,572,0,1444.0,1444,0.0,0,1.0,1
1445,0,1,1995,0,1445.0,1445,0.0,0,1.0,1
1446,0,1,161,0,1446.0,1446,0.0,0,1.0,1
1447,0,1,967,0,1447.0,1447,0.0,0,1.0,1
1448,0,1,1016,0,1448.0,1448,0.0,0,1.0,1
1449,0,1,1624,0,1449.0,1449,0.0,0,1.0,1
1450,0,1,839,0,1450.0,1450,0.0,0,1.0,1
1451,0,1,646,0,1451.0,1451,0.0,0,1.0,1
1452,1,1,859,0,1452.0,1452,1.0,1,1.0,1
1453,0,1,1247,0,1453.0,1453,0.0,0,1.0,1
1454,1,1,397,0,1454.0,1454,1.0,1,1.0,1
1455,1,1,2106,0,1455.0,1455,1.0,1,1.0,1
1456,1,1,506,0,1456.0,1456,1.0,1,1.0,1
1457,0,1,873,0,1457.0,1457,0.0,0,1.0,1
1458,0,1,1093,0,1458.0,1458,0.0,0,1.0,1
1459,0,1,1117,0,1459.0,1459,0.0,0,1.0,1
1460,0,1,664,0,1460.0,1460,0.0,0,1.0,1
1461,0,1,1710,0,1461.0,1461,0.0,0,1.0,1
1462,0,1,1249,0,1462.0,1462,0.0,0,1.0,1
1463,0,1,999,0,1463.0,1463,0.0,0,1.0,1
1464,0,1,1808,0,1464.0,1464,0.0,0,1.0,1
1465,0,1,769,0,1465.0,1465,0.0,0,1.0,1
1466,0,1,826,0,1466.0,1466,0.0,0,1.0,1
1467,0,1,1295,0,1467.0,1467,0.0,0,1.0,1
1468,0,1,1537,0,1468.0,1468,0.0,0,1.0,1
1469,0,1,35,0,1469.0,1469,0.0,0,1.0,1
1470,0,1,524,0,1470.0,1470,0.0,0,1.0,1
1471,0,1,1634,0,1471.0,1471,0.0,0,1.0,1
1472,0,1,1244,0,1472.0,1472,0.0,0,1.0,1
1473,0,1,498,0,1473.0,1473,0.0,0,1.0,1
1474,0,1,1220,0,1474.0,1474,0.0,0,1.0,1
1475,0,1,1147,0,1475.0,1475,0.0,0,1.0,1
1476,0,1,774,0,1476.0,1476,0.0,0,1.0,1
1477,0,1,812,0,1477.0,1477,0.0,0,1.0,1
1478,0,1,650,0,1478.0,1478,0.0,0,1.0,1
1479,0,1,1721,0,1479.0,1479,0.0,0,1.0,1
1480,0,1,514,0,1480.0,1480,0.0,0,1.0,1
1481,0,1,1317,0,1481.0,1481,0.0,0,1.0,1
1482,0,1,1382,0,1482.0,1482,0.0,0,1.0,1
1483,0,1,476,0,1483.0,1483,0.0,0,1.0,1
1484,0,1,1211,0,1484.0,1484,0.0,0,1.0,1
1485,0,1,1209,0,1485.0,1485,0.0,0,1.0,1
1486,0,1,799,0,1486.0,1486,0.0,0,1.0,1
1487,0,1,1790,0,1487.0,1487,0.0,0,1.0,1
1488,1,1,740,0,1488.0,1488,1.0,1,1.0,1
1489,1,1,1354,0,1489.0,1489,1.0,1,1.0,1
1490,0,1,1716,0,1490.0,1490,0.0,0,1.0,1
1491,0,1,1112,0,1491.0,1491,0.0,0,1.0,1
1492,0,1,1120,0,1492.0,1492,0.0,0,1.0,1
1493,0,1,1153,0,1493.0,1493,0.0,0,1.0,1
1494,0,1,1967,0,1494.0,1494,0.0,0,1.0,1
1495,1,1,1254,0,1495.0,1495,1.0,1,1.0,1
1496,0,1,1763,0,1496.0,1496,0.0,0,1.0,1
1497,0,1,262,0,1497.0,1497,0.0,0,1.0,1
1498,1,1,594,0,1498.0,1498,1.0,1,1.0,1
1499,1,1,1718,0,1499.0,1499,1.0,1,1.0,1
1500,0,1,957,0,1500.0,1500,0.0,0,1.0,1
1501,1,1,1626,0,1501.0,1501,1.0,1,1.0,1
1502,0,1,716,0,1502.0,1502,0.0,0,1.0,1
1503,0,1,856,0,1503.0,1503,0.0,0,1.0,1
1504,1,1,639,0,1504.0,1504,1.0,1,1.0,1
1505,1,1,462,0,1505.0,1505,1.0,1,1.0,1
1506,1,1,1115,0,1506.0,1506,1.0,1,1.0,1
1507,1,1,2092,0,1507.0,1507,1.0,1,1.0,1
1508,0,1,1535,0,1508.0,1508,0.0,0,1.0,1
1509,1,1,682,0,1509.0,1509,1.0,1,1.0,1
1510,1,1,978,0,1510.0,1510,1.0,1,1.0,1
1511,1,1,1748,0,1511.0,1511,1.0,1,1.0,1
1512,0,1,454,0,1512.0,1512,0.0,0,1.0,1
1513,0,1,1158,0,1513.0,1513,0.0,0,1.0,1
1514,0,1,1796,0,1514.0,1514,0.0,0,1.0,1
1515,0,1,642,0,1515.0,1515,0.0,0,1.0,1
1516,0,1,429,0,1516.0,1516,0.0,0,1.0,1
1517,1,1,724,0,1517.0,1517,1.0,1,1.0,1
1518,1,0,213,0,1518.0,1518,1.0,1,0.0,0
1519,1,0,77,0,1519.0,1519,1.0,1,0.0,0
1520,0,0,356,0,1520.0,1520,0.0,0,0.0,0
1521,0,1,1574,0,1521.0,1521,0.0,0,1.0,1
1522,1,1,1760,0,1522.0,1522,1.0,1,1.0,1
1523,0,1,1069,0,1523.0,1523,0.0,0,1.0,1
1524,0,1,697,0,1524.0,1524,0.0,0,1.0,1
1525,0,1,137,0,1525.0,1525,0.0,0,1.0,1
1526,1,1,1895,0,1526.0,1526,1.0,1,1.0,1
1527,1,1,773,0,1527.0,1527,1.0,1,1.0,1
1528,0,1,1707,0,1528.0,1528,0.0,0,1.0,1
1529,0,1,1397,0,1529.0,1529,0.0,0,1.0,1
1530,0,1,1797,0,1530.0,1530,0.0,0,1.0,1
1531,0,1,665,0,1531.0,1531,0.0,0,1.0,1
1532,1,1,1252,0,1532.0,1532,1.0,1,1.0,1
1533,1,1,1693,0,1533.0,1533,1.0,1,1.0,1
1534,1,1,2126,0,1534.0,1534,1.0,1,1.0,1
1535,1,1,1277,0,1535.0,1535,1.0,1,1.0,1
1536,1,1,1264,0,1536.0,1536,1.0,1,1.0,1
1537,1,1,1337,0,1537.0,1537,1.0,1,1.0,1
1538,0,1,373,0,1538.0,1538,0.0,0,1.0,1
1539,1,1,1606,0,1539.0,1539,1.0,1,1.0,1
1540,1,1,2034,0,1540.0,1540,1.0,1,1.0,1
1541,1,1,1353,0,1541.0,1541,1.0,1,1.0,1
1542,1,1,1042,0,1542.0,1542,1.0,1,1.0,1
1543,1,1,993,0,1543.0,1543,1.0,1,1.0,1
1544,0,2,123,0,1544.0,1544,0.0,0,2.0,2
1545,0,1,1032,0,1545.0,1545,0.0,0,1.0,1
1546,0,1,1943,0,1546.0,1546,0.0,0,1.0,1
1547,0,1,1303,0,1547.0,1547,0.0,0,1.0,1
1548,0,1,1110,0,1548.0,1548,0.0,0,1.0,1
1549,0,1,1551,0,1549.0,1549,0.0,0,1.0,1
1550,0,1,1643,0,1550.0,1550,0.0,0,1.0,1
1551,1,1,1986,0,1551.0,1551,1.0,1,1.0,1
1554,0,1,423,0,1554.0,1554,0.0,0,1.0,1
1555,0,1,517,0,1555.0,1555,0.0,0,1.0,1
1556,1,1,276,0,1556.0,1556,1.0,1,1.0,1
1557,0,1,1151,0,1557.0,1557,0.0,0,1.0,1
1558,1,1,2040,0,1558.0,1558,1.0,1,1.0,1
1559,1,1,612,0,1559.0,1559,1.0,1,1.0,1
1560,0,1,640,0,1560.0,1560,0.0,0,1.0,1
1561,0,1,1826,0,1561.0,1561,0.0,0,1.0,1
1562,0,1,1798,0,1562.0,1562,0.0,0,1.0,1
1563,0,1,903,0,1563.0,1563,0.0,0,1.0,1
1564,1,1,1101,0,1564.0,1564,1.0,1,1.0,1
1565,0,1,1123,0,1565.0,1565,0.0,0,1.0,1
1566,0,1,1038,0,1566.0,1566,0.0,0,1.0,1
1567,0,1,495,0,1567.0,1567,0.0,0,1.0,1
1568,0,3,5,0,1568.0,1568,0.0,0,3.0,3
1569,0,0,288,0,1569.0,1569,0.0,0,0.0,0
1552,0,0,163,0,1552.0,1552,0.0,0,0.0,0
1553,0,1,876,0,1553.0,1553,0.0,0,1.0,1
1570,0,1,480,0,1570.0,1570,0.0,0,1.0,1
1571,0,1,2002,0,1571.0,1571,0.0,0,1.0,1
1572,0,1,1113,0,1572.0,1572,0.0,0,1.0,1
1573,0,1,42,0,1573.0,1573,0.0,0,1.0,1
1574,0,1,603,0,1574.0,1574,0.0,0,1.0,1
1575,0,1,989,0,1575.0,1575,0.0,0,1.0,1
1576,0,2,179,0,1576.0,1576,0.0,0,2.0,2
1577,0,0,351,0,1577.0,1577,0.0,0,0.0,0
1578,0,2,95,0,1578.0,1578,0.0,0,2.0,2
1579,0,0,147,0,1579.0,1579,0.0,0,0.0,0
1580,0,1,1863,0,1580.0,1580,0.0,0,1.0,1
1581,0,1,1913,0,1581.0,1581,0.0,0,1.0,1
1582,1,1,2082,0,1582.0,1582,1.0,1,1.0,1
1583,1,1,1108,0,1583.0,1583,1.0,1,1.0,1
1584,1,1,647,0,1584.0,1584,1.0,1,1.0,1
1585,0,1,532,0,1585.0,1585,0.0,0,1.0,1
1586,1,1,1491,0,1586.0,1586,1.0,1,1.0,1
1587,0,0,303,0,1587.0,1587,0.0,0,0.0,0
1588,1,1,1216,0,1588.0,1588,1.0,1,1.0,1
1589,1,1,245,0,1589.0,1589,1.0,1,1.0,1
1590,1,1,2130,0,1590.0,1590,1.0,1,1.0,1
1591,1,1,2078,0,1591.0,1591,1.0,1,1.0,1
1592,0,2,113,0,1592.0,1592,0.0,0,2.0,2
1593,1,1,1608,0,1593.0,1593,1.0,1,1.0,1
1594,1,1,332,0,1594.0,1594,1.0,1,1.0,1
1595,0,1,786,0,1595.0,1595,0.0,0,1.0,1
1596,1,1,1234,0,1596.0,1596,1.0,1,1.0,1
1597,0,2,117,0,1597.0,1597,0.0,0,2.0,2
1598,1,1,1235,0,1598.0,1598,1.0,1,1.0,1
1599,1,1,1237,0,1599.0,1599,1.0,1,1.0,1
1600,1,1,1146,0,1600.0,1600,1.0,1,1.0,1
1601,1,1,1385,0,1601.0,1601,1.0,1,1.0,1
1602,0,4,34,0,1602.0,1602,0.0,0,4.0,4
1603,0,1,970,0,1603.0,1603,0.0,0,1.0,1
1604,0,1,1156,0,1604.0,1604,0.0,0,1.0,1
1605,0,1,130,0,1605.0,1605,0.0,0,1.0,1
1606,0,1,280,0,1606.0,1606,0.0,0,1.0,1
1607,0,1,971,0,1607.0,1607,0.0,0,1.0,1
1608,1,1,2041,0,1608.0,1608,1.0,1,1.0,1
1609,0,1,1836,0,1609.0,1609,0.0,0,1.0,1
1610,0,1,994,0,1610.0,1610,0.0,0,1.0,1
1611,0,1,960,0,1611.0,1611,0.0,0,1.0,1
1612,0,1,613,0,1612.0,1612,0.0,0,1.0,1
1613,0,1,958,0,1613.0,1613,0.0,0,1.0,1
1614,0,0,196,0,1614.0,1614,0.0,0,0.0,0
1615,0,1,951,0,1615.0,1615,0.0,0,1.0,1
1616,0,2,82,0,1616.0,1616,0.0,0,2.0,2
1617,0,1,947,0,1617.0,1617,0.0,0,1.0,1
1618,0,1,942,0,1618.0,1618,0.0,0,1.0,1
1619,0,1,1287,0,1619.0,1619,0.0,0,1.0,1
1620,0,1,1380,0,1620.0,1620,0.0,0,1.0,1
1621,0,1,362,0,1621.0,1621,0.0,0,1.0,1
1622,0,1,756,0,1622.0,1622,0.0,0,1.0,1
1623,0,1,1871,0,1623.0,1623,0.0,0,1.0,1
1625,0,1,2024,0,1625.0,1625,0.0,0,1.0,1
1624,0,1,794,0,1624.0,1624,0.0,0,1.0,1
1626,0,1,845,0,1626.0,1626,0.0,0,1.0,1
1627,0,1,776,0,1627.0,1627,0.0,0,1.0,1
1628,0,1,1376,0,1628.0,1628,0.0,0,1.0,1
1629,0,1,938,0,1629.0,1629,0.0,0,1.0,1
1630,0,1,1083,0,1630.0,1630,0.0,0,1.0,1
1631,0,1,935,0,1631.0,1631,0.0,0,1.0,1
1632,0,1,1070,0,1632.0,1632,0.0,0,1.0,1
1633,0,1,649,0,1633.0,1633,0.0,0,1.0,1
1634,0,1,1422,0,1634.0,1634,0.0,0,1.0,1
1635,0,1,589,0,1635.0,1635,0.0,0,1.0,1
1636,0,1,1430,0,1636.0,1636,0.0,0,1.0,1
1637,0,1,327,0,1637.0,1637,0.0,0,1.0,1
1638,0,1,748,0,1638.0,1638,0.0,0,1.0,1
1639,0,1,1307,0,1639.0,1639,0.0,0,1.0,1
1640,1,1,2058,0,1640.0,1640,1.0,1,1.0,1
1641,1,1,1416,0,1641.0,1641,1.0,1,1.0,1
1642,1,1,2139,0,1642.0,1642,1.0,1,1.0,1
1643,1,1,2125,0,1643.0,1643,1.0,1,1.0,1
1644,1,1,1419,0,1644.0,1644,1.0,1,1.0,1
1645,1,1,992,0,1645.0,1645,1.0,1,1.0,1
1646,1,1,2118,0,1646.0,1646,1.0,1,1.0,1
1647,0,1,1480,0,1647.0,1647,0.0,0,1.0,1
1648,0,1,1111,0,1648.0,1648,0.0,0,1.0,1
1649,0,1,102,0,1649.0,1649,0.0,0,1.0,1
1650,0,1,579,0,1650.0,1650,0.0,0,1.0,1
1651,0,1,688,0,1651.0,1651,0.0,0,1.0,1
1652,0,1,439,0,1652.0,1652,0.0,0,1.0,1
1653,0,1,1677,0,1653.0,1653,0.0,0,1.0,1
1654,0,1,379,0,1654.0,1654,0.0,0,1.0,1
1655,0,1,1743,0,1655.0,1655,0.0,0,1.0,1
1656,0,1,1268,0,1656.0,1656,0.0,0,1.0,1
1657,0,2,16,0,1657.0,1657,0.0,0,2.0,2
1658,0,1,1092,0,1658.0,1658,0.0,0,1.0,1
1659,0,0,382,0,1659.0,1659,0.0,0,0.0,0
1660,1,1,2110,0,1660.0,1660,1.0,1,1.0,1
1661,1,0,1,0,1661.0,1661,1.0,1,0.0,0
1662,1,1,1460,0,1662.0,1662,1.0,1,1.0,1
1663,1,1,39,0,1663.0,1663,1.0,1,1.0,1
1664,1,1,1176,0,1664.0,1664,1.0,1,1.0,1
1665,1,1,1920,0,1665.0,1665,1.0,1,1.0,1
1666,0,1,323,0,1666.0,1666,0.0,0,1.0,1
1667,0,1,1257,0,1667.0,1667,0.0,0,1.0,1
1668,0,1,1708,0,1668.0,1668,0.0,0,1.0,1
1669,1,1,1755,0,1669.0,1669,1.0,1,1.0,1
1670,1,1,1438,0,1670.0,1670,1.0,1,1.0,1
1671,1,1,2129,0,1671.0,1671,1.0,1,1.0,1
1672,0,1,1390,0,1672.0,1672,0.0,0,1.0,1
1673,0,1,855,0,1673.0,1673,0.0,0,1.0,1
1674,0,1,378,0,1674.0,1674,0.0,0,1.0,1
1675,0,1,449,0,1675.0,1675,0.0,0,1.0,1
1676,0,1,1838,0,1676.0,1676,0.0,0,1.0,1
1677,0,1,1589,0,1677.0,1677,0.0,0,1.0,1
1678,0,1,850,0,1678.0,1678,0.0,0,1.0,1
1679,0,1,934,0,1679.0,1679,0.0,0,1.0,1
1680,0,1,1352,0,1680.0,1680,0.0,0,1.0,1
1681,0,1,1068,0,1681.0,1681,0.0,0,1.0,1
1682,0,2,224,0,1682.0,1682,0.0,0,2.0,2
1683,0,1,1723,0,1683.0,1683,0.0,0,1.0,1
1684,0,1,658,0,1684.0,1684,0.0,0,1.0,1
1685,0,1,824,0,1685.0,1685,0.0,0,1.0,1
1686,1,1,114,0,1686.0,1686,1.0,1,1.0,1
1687,1,1,2120,0,1687.0,1687,1.0,1,1.0,1
1688,1,1,872,0,1688.0,1688,1.0,1,1.0,1
1689,1,1,2060,0,1689.0,1689,1.0,1,1.0,1
1690,1,1,2098,0,1690.0,1690,1.0,1,1.0,1
1691,1,1,946,0,1691.0,1691,1.0,1,1.0,1
1692,1,1,2114,0,1692.0,1692,1.0,1,1.0,1
1693,1,1,1864,0,1693.0,1693,1.0,1,1.0,1
1694,1,1,2134,0,1694.0,1694,1.0,1,1.0,1
1695,1,1,1669,0,1695.0,1695,1.0,1,1.0,1
1696,0,1,1654,0,1696.0,1696,0.0,0,1.0,1
1697,0,1,1754,0,1697.0,1697,0.0,0,1.0,1
1698,1,1,2121,0,1698.0,1698,1.0,1,1.0,1
1699,1,1,2112,0,1699.0,1699,1.0,1,1.0,1
1700,1,1,534,0,1700.0,1700,1.0,1,1.0,1
1701,0,1,837,0,1701.0,1701,0.0,0,1.0,1
1702,0,1,1125,0,1702.0,1702,0.0,0,1.0,1
1703,0,1,719,0,1703.0,1703,0.0,0,1.0,1
1704,0,1,892,0,1704.0,1704,0.0,0,1.0,1
1705,0,1,753,0,1705.0,1705,0.0,0,1.0,1
1706,0,1,623,0,1706.0,1706,0.0,0,1.0,1
1707,1,1,1356,0,1707.0,1707,1.0,1,1.0,1
1708,0,0,111,0,1708.0,1708,0.0,0,0.0,0
1709,0,1,1196,0,1709.0,1709,0.0,0,1.0,1
1710,0,1,1616,0,1710.0,1710,0.0,0,1.0,1
1711,0,0,78,0,1711.0,1711,0.0,0,0.0,0
1712,0,0,389,0,1712.0,1712,0.0,0,0.0,0
1713,0,1,890,0,1713.0,1713,0.0,0,1.0,1
1714,0,1,1141,0,1714.0,1714,0.0,0,1.0,1
1715,1,1,669,0,1715.0,1715,1.0,1,1.0,1
1716,1,1,909,0,1716.0,1716,1.0,1,1.0,1
1717,1,1,2088,0,1717.0,1717,1.0,1,1.0,1
1718,0,1,832,0,1718.0,1718,0.0,0,1.0,1
1719,0,1,1880,0,1719.0,1719,0.0,0,1.0,1
1720,0,1,1347,0,1720.0,1720,0.0,0,1.0,1
1721,1,1,2095,0,1721.0,1721,1.0,1,1.0,1
1722,1,1,1628,0,1722.0,1722,1.0,1,1.0,1
1723,1,1,900,0,1723.0,1723,1.0,1,1.0,1
1724,1,1,800,0,1724.0,1724,1.0,1,1.0,1
1725,1,1,659,0,1725.0,1725,1.0,1,1.0,1
1726,1,1,1644,0,1726.0,1726,1.0,1,1.0,1
1727,1,1,463,0,1727.0,1727,1.0,1,1.0,1
1728,0,0,345,0,1728.0,1728,0.0,0,0.0,0
1729,1,0,110,0,1729.0,1729,1.0,1,0.0,0
1730,1,1,319,0,1730.0,1730,1.0,1,1.0,1
1731,1,0,189,0,1731.0,1731,1.0,1,0.0,0
1732,1,1,1109,0,1732.0,1732,1.0,1,1.0,1
1733,1,0,143,0,1733.0,1733,1.0,1,0.0,0
1734,1,1,2046,0,1734.0,1734,1.0,1,1.0,1
1735,0,1,2035,0,1735.0,1735,0.0,0,1.0,1
1736,0,1,1942,0,1736.0,1736,0.0,0,1.0,1
1737,0,1,1714,0,1737.0,1737,0.0,0,1.0,1
1738,0,1,27,0,1738.0,1738,0.0,0,1.0,1
1739,0,1,270,0,1739.0,1739,0.0,0,1.0,1
1740,1,1,271,0,1740.0,1740,1.0,1,1.0,1
1741,0,1,1132,0,1741.0,1741,0.0,0,1.0,1
1742,1,1,1375,0,1742.0,1742,1.0,1,1.0,1
1743,1,1,728,0,1743.0,1743,1.0,1,1.0,1
1744,0,1,973,0,1744.0,1744,0.0,0,1.0,1
1745,0,1,590,0,1745.0,1745,0.0,0,1.0,1
1746,0,1,1922,0,1746.0,1746,0.0,0,1.0,1
1747,0,1,1817,0,1747.0,1747,0.0,0,1.0,1
1748,0,1,348,0,1748.0,1748,0.0,0,1.0,1
1749,0,1,1993,0,1749.0,1749,0.0,0,1.0,1
1750,0,1,924,0,1750.0,1750,0.0,0,1.0,1
1751,0,1,765,0,1751.0,1751,0.0,0,1.0,1
1752,0,1,764,0,1752.0,1752,0.0,0,1.0,1
1753,0,1,1183,0,1753.0,1753,0.0,0,1.0,1
1754,0,1,505,0,1754.0,1754,0.0,0,1.0,1
1755,0,1,1122,0,1755.0,1755,0.0,0,1.0,1
1756,1,1,759,0,1756.0,1756,1.0,1,1.0,1
1757,1,1,1722,0,1757.0,1757,1.0,1,1.0,1
1758,0,1,758,0,1758.0,1758,0.0,0,1.0,1
1759,0,1,1131,0,1759.0,1759,0.0,0,1.0,1
1760,0,1,885,0,1760.0,1760,0.0,0,1.0,1
1761,0,1,1786,0,1761.0,1761,0.0,0,1.0,1
1762,0,1,755,0,1762.0,1762,0.0,0,1.0,1
1763,0,1,692,0,1763.0,1763,0.0,0,1.0,1
1764,0,1,529,0,1764.0,1764,0.0,0,1.0,1
1765,0,1,1371,0,1765.0,1765,0.0,0,1.0,1
1766,1,1,2133,0,1766.0,1766,1.0,1,1.0,1
1767,0,1,477,0,1767.0,1767,0.0,0,1.0,1
1768,1,1,1962,0,1768.0,1768,1.0,1,1.0,1
1769,0,1,749,0,1769.0,1769,0.0,0,1.0,1
1770,0,1,1033,0,1770.0,1770,0.0,0,1.0,1
1771,0,1,611,0,1771.0,1771,0.0,0,1.0,1
1772,1,1,2070,0,1772.0,1772,1.0,1,1.0,1
1773,0,1,1712,0,1773.0,1773,0.0,0,1.0,1
1774,0,1,1476,0,1774.0,1774,0.0,0,1.0,1
1775,0,1,741,0,1775.0,1775,0.0,0,1.0,1
1776,0,1,422,0,1776.0,1776,0.0,0,1.0,1
1777,0,0,313,0,1777.0,1777,0.0,0,0.0,0
1778,0,1,1560,0,1778.0,1778,0.0,0,1.0,1
1779,1,1,615,0,1779.0,1779,1.0,1,1.0,1
1780,1,1,2039,0,1780.0,1780,1.0,1,1.0,1
1781,0,1,1675,0,1781.0,1781,0.0,0,1.0,1
1782,0,1,730,0,1782.0,1782,0.0,0,1.0,1
1783,0,1,1780,0,1783.0,1783,0.0,0,1.0,1
1784,0,1,2023,0,1784.0,1784,0.0,0,1.0,1
1785,0,0,404,0,1785.0,1785,0.0,0,0.0,0
1786,1,1,2115,0,1786.0,1786,1.0,1,1.0,1
1787,0,1,882,0,1787.0,1787,0.0,0,1.0,1
1788,0,1,513,0,1788.0,1788,0.0,0,1.0,1
1789,0,1,1089,0,1789.0,1789,0.0,0,1.0,1
1790,0,1,1921,0,1790.0,1790,0.0,0,1.0,1
1791,0,1,798,0,1791.0,1791,0.0,0,1.0,1
1792,0,1,1319,0,1792.0,1792,0.0,0,1.0,1
1793,0,1,722,0,1793.0,1793,0.0,0,1.0,1
1794,0,1,1788,0,1794.0,1794,0.0,0,1.0,1
1795,0,1,715,0,1795.0,1795,0.0,0,1.0,1
1796,1,1,654,0,1796.0,1796,1.0,1,1.0,1
1797,0,1,713,0,1797.0,1797,0.0,0,1.0,1
1798,1,1,2064,0,1798.0,1798,1.0,1,1.0,1
1799,1,1,2083,0,1799.0,1799,1.0,1,1.0,1
1800,0,1,1810,0,1800.0,1800,0.0,0,1.0,1
1801,0,1,1849,0,1801.0,1801,0.0,0,1.0,1
1802,1,0,218,0,1802.0,1802,1.0,1,0.0,0
1803,1,1,1680,0,1803.0,1803,1.0,1,1.0,1
1804,0,1,1208,0,1804.0,1804,0.0,0,1.0,1
1805,0,1,656,0,1805.0,1805,0.0,0,1.0,1
1806,0,0,243,0,1806.0,1806,0.0,0,0.0,0
1807,0,1,687,0,1807.0,1807,0.0,0,1.0,1
1808,0,1,1200,0,1808.0,1808,0.0,0,1.0,1
1809,0,1,1285,0,1809.0,1809,0.0,0,1.0,1
1810,0,1,1839,0,1810.0,1810,0.0,0,1.0,1
1811,0,1,291,0,1811.0,1811,0.0,0,1.0,1
1812,1,0,136,0,1812.0,1812,1.0,1,0.0,0
1813,0,0,91,0,1813.0,1813,0.0,0,0.0,0
1814,0,1,129,0,1814.0,1814,0.0,0,1.0,1
1815,0,1,2009,0,1815.0,1815,0.0,0,1.0,1
1816,0,1,933,0,1816.0,1816,0.0,0,1.0,1
1817,1,0,155,0,1817.0,1817,1.0,1,0.0,0
1818,1,0,58,0,1818.0,1818,1.0,1,0.0,0
1819,0,1,430,0,1819.0,1819,0.0,0,1.0,1
1820,0,1,1102,0,1820.0,1820,0.0,0,1.0,1
1821,0,1,1383,0,1821.0,1821,0.0,0,1.0,1
1822,0,2,90,0,1822.0,1822,0.0,0,2.0,2
1823,0,2,4,0,1823.0,1823,0.0,0,2.0,2
1824,0,2,107,0,1824.0,1824,0.0,0,2.0,2
1825,0,1,727,0,1825.0,1825,0.0,0,1.0,1
1826,0,1,816,0,1826.0,1826,0.0,0,1.0,1
1827,0,1,1811,0,1827.0,1827,0.0,0,1.0,1
1828,0,1,1636,0,1828.0,1828,0.0,0,1.0,1
1829,0,0,391,0,1829.0,1829,0.0,0,0.0,0
1830,0,1,553,0,1830.0,1830,0.0,0,1.0,1
1831,0,1,668,0,1831.0,1831,0.0,0,1.0,1
1832,0,1,645,0,1832.0,1832,0.0,0,1.0,1
1833,0,1,644,0,1833.0,1833,0.0,0,1.0,1
1834,0,1,1524,0,1834.0,1834,0.0,0,1.0,1
1835,0,1,1137,0,1835.0,1835,0.0,0,1.0,1
1836,0,1,436,0,1836.0,1836,0.0,0,1.0,1
1837,0,1,1428,0,1837.0,1837,0.0,0,1.0,1
1838,0,1,1715,0,1838.0,1838,0.0,0,1.0,1
1839,0,1,636,0,1839.0,1839,0.0,0,1.0,1
1840,0,1,387,0,1840.0,1840,0.0,0,1.0,1
1841,0,1,629,0,1841.0,1841,0.0,0,1.0,1
1842,0,1,1860,0,1842.0,1842,0.0,0,1.0,1
1843,0,1,678,0,1843.0,1843,0.0,0,1.0,1
1844,0,1,1751,0,1844.0,1844,0.0,0,1.0,1
1845,0,1,1642,0,1845.0,1845,0.0,0,1.0,1
1846,0,1,1106,0,1846.0,1846,0.0,0,1.0,1
1847,0,0,56,0,1847.0,1847,0.0,0,0.0,0
1848,0,1,1367,0,1848.0,1848,0.0,0,1.0,1
1849,0,1,912,0,1849.0,1849,0.0,0,1.0,1
1850,1,1,2042,0,1850.0,1850,1.0,1,1.0,1
1851,1,0,138,0,1851.0,1851,1.0,1,0.0,0
1852,1,1,760,0,1852.0,1852,1.0,1,1.0,1
1853,0,1,657,0,1853.0,1853,0.0,0,1.0,1
1854,0,1,2015,0,1854.0,1854,0.0,0,1.0,1
1855,0,1,2006,0,1855.0,1855,0.0,0,1.0,1
1856,0,1,1246,0,1856.0,1856,0.0,0,1.0,1
1857,0,1,667,0,1857.0,1857,0.0,0,1.0,1
1858,0,1,610,0,1858.0,1858,0.0,0,1.0,1
1859,0,0,278,0,1859.0,1859,0.0,0,0.0,0
1860,0,1,1003,0,1860.0,1860,0.0,0,1.0,1
1861,0,1,263,0,1861.0,1861,0.0,0,1.0,1
1862,0,1,1900,0,1862.0,1862,0.0,0,1.0,1
1863,0,1,830,0,1863.0,1863,0.0,0,1.0,1
1864,0,1,1899,0,1864.0,1864,0.0,0,1.0,1
1865,0,1,1782,0,1865.0,1865,0.0,0,1.0,1
1866,0,1,606,0,1866.0,1866,0.0,0,1.0,1
1867,0,1,556,0,1867.0,1867,0.0,0,1.0,1
1868,0,0,164,0,1868.0,1868,0.0,0,0.0,0
1869,0,0,284,0,1869.0,1869,0.0,0,0.0,0
1870,0,1,1009,0,1870.0,1870,0.0,0,1.0,1
1871,0,1,600,0,1871.0,1871,0.0,0,1.0,1
1872,0,1,1801,0,1872.0,1872,0.0,0,1.0,1
1873,0,1,1688,0,1873.0,1873,0.0,0,1.0,1
1874,0,1,1251,0,1874.0,1874,0.0,0,1.0,1
1875,0,1,858,0,1875.0,1875,0.0,0,1.0,1
1876,0,1,408,0,1876.0,1876,0.0,0,1.0,1
1877,0,1,1152,0,1877.0,1877,0.0,0,1.0,1
1878,0,1,684,0,1878.0,1878,0.0,0,1.0,1
1879,0,1,838,0,1879.0,1879,0.0,0,1.0,1
1880,0,1,913,0,1880.0,1880,0.0,0,1.0,1
1881,0,1,1192,0,1881.0,1881,0.0,0,1.0,1
1882,0,1,139,0,1882.0,1882,0.0,0,1.0,1
1885,0,1,596,0,1885.0,1885,0.0,0,1.0,1
1886,0,1,1981,0,1886.0,1886,0.0,0,1.0,1
1883,0,1,334,0,1883.0,1883,0.0,0,1.0,1
1887,0,1,621,0,1887.0,1887,0.0,0,1.0,1
1888,0,1,1483,0,1888.0,1888,0.0,0,1.0,1
1889,0,1,595,0,1889.0,1889,0.0,0,1.0,1
1890,0,1,1594,0,1890.0,1890,0.0,0,1.0,1
1891,0,1,1224,0,1891.0,1891,0.0,0,1.0,1
1892,0,1,1729,0,1892.0,1892,0.0,0,1.0,1
1893,0,1,593,0,1893.0,1893,0.0,0,1.0,1
1894,0,1,1292,0,1894.0,3788,0.0,0,1.0,2
1895,0,1,1343,0,1895.0,1895,0.0,0,1.0,1
1896,0,1,1671,0,1896.0,1896,0.0,0,1.0,1
1897,0,1,11,0,1897.0,1897,0.0,0,1.0,1
1899,0,1,217,0,1899.0,1899,0.0,0,1.0,1
1900,0,1,699,0,1900.0,1900,0.0,0,1.0,1
1901,0,1,1294,0,1901.0,1901,0.0,0,1.0,1
1902,0,1,1055,0,1902.0,1902,0.0,0,1.0,1
1884,0,1,1366,0,1884.0,1884,0.0,0,1.0,1
1903,0,1,585,0,1903.0,1903,0.0,0,1.0,1
1904,0,1,584,0,1904.0,1904,0.0,0,1.0,1
1905,0,1,762,0,1905.0,1905,0.0,0,1.0,1
1906,0,1,1555,0,1906.0,1906,0.0,0,1.0,1
1907,0,1,510,0,1907.0,1907,0.0,0,1.0,1
1908,0,1,583,0,1908.0,1908,0.0,0,1.0,1
1909,0,1,587,0,1909.0,1909,0.0,0,1.0,1
1910,0,1,1909,0,1910.0,1910,0.0,0,1.0,1
1911,0,1,1031,0,1911.0,1911,0.0,0,1.0,1
1912,0,1,995,0,1912.0,1912,0.0,0,1.0,1
1913,0,1,566,0,1913.0,1913,0.0,0,1.0,1
1914,0,1,580,0,1914.0,1914,0.0,0,1.0,1
1915,0,1,1005,0,1915.0,1915,0.0,0,1.0,1
1916,0,1,736,0,1916.0,1916,0.0,0,1.0,1
1917,0,1,1405,0,1917.0,1917,0.0,0,1.0,1
1918,0,1,1297,0,1918.0,1918,0.0,0,1.0,1
1919,0,1,732,0,1919.0,1919,0.0,0,1.0,1
1920,0,1,49,0,1920.0,1920,0.0,0,1.0,1
1921,0,1,980,0,1921.0,1921,0.0,0,1.0,1
1922,0,0,100,0,1922.0,1922,0.0,0,0.0,0
1923,0,1,255,0,1923.0,1923,0.0,0,1.0,1
1924,0,1,821,0,1924.0,1924,0.0,0,1.0,1
1925,0,1,1261,0,1925.0,3850,0.0,0,1.0,2
1927,0,1,694,0,1927.0,1927,0.0,0,1.0,1
1926,0,1,504,0,1926.0,1926,0.0,0,1.0,1
1928,0,1,104,0,1928.0,1928,0.0,0,1.0,1
1929,0,1,577,0,1929.0,1929,0.0,0,1.0,1
1930,0,1,576,0,1930.0,1930,0.0,0,1.0,1
1931,0,1,575,0,1931.0,1931,0.0,0,1.0,1
1932,0,0,105,0,1932.0,1932,0.0,0,0.0,0
1933,0,1,940,0,1933.0,1933,0.0,0,1.0,1
1934,0,1,1814,0,1934.0,1934,0.0,0,1.0,1
1935,0,1,1592,0,1935.0,1935,0.0,0,1.0,1
1936,0,1,998,0,1936.0,1936,0.0,0,1.0,1
1937,0,1,1229,0,1937.0,1937,0.0,0,1.0,1
1938,0,1,375,0,1938.0,1938,0.0,0,1.0,1
1939,0,1,573,0,1939.0,1939,0.0,0,1.0,1
1940,0,1,170,0,1940.0,1940,0.0,0,1.0,1
1941,0,1,1263,0,1941.0,1941,0.0,0,1.0,1
1942,0,1,1510,0,1942.0,1942,0.0,0,1.0,1
1943,0,1,1256,0,1943.0,1943,0.0,0,1.0,1
1944,0,1,871,0,1944.0,1944,0.0,0,1.0,1
1945,0,1,681,0,1945.0,1945,0.0,0,1.0,1
1946,0,1,1230,0,1946.0,1946,0.0,0,1.0,1
1947,0,1,771,0,1947.0,1947,0.0,0,1.0,1
1948,0,1,1789,0,1948.0,1948,0.0,0,1.0,1
1949,0,1,571,0,1949.0,1949,0.0,0,1.0,1
1950,0,1,1410,0,1950.0,1950,0.0,0,1.0,1
1951,0,0,238,0,1951.0,1951,0.0,0,0.0,0
1952,0,1,314,0,1952.0,1952,0.0,0,1.0,1
1953,0,1,1697,0,1953.0,1953,0.0,0,1.0,1
1954,0,1,306,0,1954.0,1954,0.0,0,1.0,1
1955,0,1,1116,0,1955.0,1955,0.0,0,1.0,1
1956,0,1,568,0,1956.0,1956,0.0,0,1.0,1
1957,0,1,1713,0,1957.0,1957,0.0,0,1.0,1
1958,0,1,853,0,1958.0,1958,0.0,0,1.0,1
1894,0,1,119,0,1894.0,3788,0.0,0,1.0,2
1898,0,1,1648,0,1898.0,1898,0.0,0,1.0,1
1925,0,1,507,0,1925.0,3850,0.0,0,1.0,2
1959,0,1,1081,0,1959.0,1959,0.0,0,1.0,1
1960,0,0,325,0,1960.0,1960,0.0,0,0.0,0
1961,0,0,186,0,1961.0,1961,0.0,0,0.0,0
1962,0,1,1077,0,1962.0,1962,0.0,0,1.0,1
1963,0,0,399,0,1963.0,1963,0.0,0,0.0,0
1964,0,1,703,0,1964.0,1964,0.0,0,1.0,1
1965,0,0,398,0,1965.0,1965,0.0,0,0.0,0
1966,0,1,609,0,1966.0,1966,0.0,0,1.0,1
1967,0,1,1842,0,1967.0,1967,0.0,0,1.0,1
1968,0,1,374,0,1968.0,1968,0.0,0,1.0,1
1969,1,1,1279,0,1969.0,1969,1.0,1,1.0,1
1970,0,1,1897,0,1970.0,1970,0.0,0,1.0,1
1971,1,1,266,0,1971.0,1971,1.0,1,1.0,1
1972,0,1,448,0,1972.0,1972,0.0,0,1.0,1
1973,1,1,420,0,1973.0,1973,1.0,1,1.0,1
1974,0,1,1991,0,1974.0,1974,0.0,0,1.0,1
1975,1,1,1338,0,1975.0,1975,1.0,1,1.0,1
1976,0,1,1892,0,1976.0,1976,0.0,0,1.0,1
1977,0,1,1527,0,1977.0,1977,0.0,0,1.0,1
1978,1,1,1368,0,1978.0,1978,1.0,1,1.0,1
1979,1,0,236,0,1979.0,1979,1.0,1,0.0,0
1980,1,1,1805,0,1980.0,1980,1.0,1,1.0,1
1981,0,1,258,0,1981.0,1981,0.0,0,1.0,1
1982,0,1,775,0,1982.0,1982,0.0,0,1.0,1
1983,0,1,1099,0,1983.0,1983,0.0,0,1.0,1
1984,0,1,528,0,1984.0,1984,0.0,0,1.0,1
1985,0,1,1975,0,1985.0,1985,0.0,0,1.0,1
1986,0,1,1750,0,1986.0,1986,0.0,0,1.0,1
1987,0,1,494,0,1987.0,1987,0.0,0,1.0,1
1988,0,1,1163,0,1988.0,1988,0.0,0,1.0,1
1989,0,1,527,0,1989.0,1989,0.0,0,1.0,1
1990,0,1,2020,0,1990.0,1990,0.0,0,1.0,1
1991,0,1,1629,0,1991.0,1991,0.0,0,1.0,1
1992,0,1,221,0,1992.0,1992,0.0,0,1.0,1
1993,0,1,526,0,1993.0,1993,0.0,0,1.0,1
1994,0,1,721,0,1994.0,1994,0.0,0,1.0,1
1995,0,1,1177,0,1995.0,1995,0.0,0,1.0,1
1996,0,1,1063,0,1996.0,1996,0.0,0,1.0,1
1997,0,1,450,0,1997.0,1997,0.0,0,1.0,1
1998,0,1,883,0,1998.0,1998,0.0,0,1.0,1
1999,0,1,1236,0,1999.0,1999,0.0,0,1.0,1
2000,0,1,1391,0,2000.0,2000,0.0,0,1.0,1
2001,0,1,1487,0,2001.0,2001,0.0,0,1.0,1
2002,0,1,554,0,2002.0,2002,0.0,0,1.0,1
2003,0,1,1395,0,2003.0,2003,0.0,0,1.0,1
2004,0,1,1289,0,2004.0,2004,0.0,0,1.0,1
2005,0,1,1622,0,2005.0,2005,0.0,0,1.0,1
2006,0,1,1937,0,2006.0,2006,0.0,0,1.0,1
2007,0,1,520,0,2007.0,2007,0.0,0,1.0,1
2008,0,1,1964,0,2008.0,2008,0.0,0,1.0,1
2009,0,1,1136,0,2009.0,2009,0.0,0,1.0,1
2010,0,1,813,0,2010.0,2010,0.0,0,1.0,1
2011,0,1,302,0,2011.0,2011,0.0,0,1.0,1
2012,1,1,2086,0,2012.0,2012,1.0,1,1.0,1
2013,1,1,1443,0,2013.0,2013,1.0,1,1.0,1
2014,0,1,778,0,2014.0,2014,0.0,0,1.0,1
2015,0,0,28,0,2015.0,2015,0.0,0,0.0,0
2016,0,1,497,0,2016.0,2016,0.0,0,1.0,1
2017,0,1,1686,0,2017.0,2017,0.0,0,1.0,1
2018,1,1,2101,0,2018.0,2018,1.0,1,1.0,1
2019,1,1,2100,0,2019.0,2019,1.0,1,1.0,1
2020,1,1,2047,0,2020.0,2020,1.0,1,1.0,1
2021,1,1,118,0,2021.0,2021,1.0,1,1.0,1
2022,0,1,899,0,2022.0,2022,0.0,0,1.0,1
2023,0,1,750,0,2023.0,2023,0.0,0,1.0,1
2024,0,1,1098,0,2024.0,2024,0.0,0,1.0,1
2025,0,1,795,0,2025.0,2025,0.0,0,1.0,1
2026,0,1,491,0,2026.0,2026,0.0,0,1.0,1
2027,0,1,140,0,2027.0,2027,0.0,0,1.0,1
2028,0,1,1758,0,2028.0,2028,0.0,0,1.0,1
2029,0,1,1667,0,2029.0,2029,0.0,0,1.0,1
2030,0,1,503,0,2030.0,2030,0.0,0,1.0,1
2031,1,0,157,0,2031.0,2031,1.0,1,0.0,0
2032,0,0,296,0,2032.0,2032,0.0,0,0.0,0
2033,1,1,2138,0,2033.0,2033,1.0,1,1.0,1
2034,1,1,1169,0,2034.0,2034,1.0,1,1.0,1
2035,1,1,2116,0,2035.0,2035,1.0,1,1.0,1
2036,0,1,479,0,2036.0,2036,0.0,0,1.0,1
2037,1,1,919,0,2037.0,2037,1.0,1,1.0,1
2038,1,1,2075,0,2038.0,2038,1.0,1,1.0,1
2039,0,1,923,0,2039.0,2039,0.0,0,1.0,1
2040,0,1,472,0,2040.0,2040,0.0,0,1.0,1
2041,0,1,878,0,2041.0,2041,0.0,0,1.0,1
2042,1,1,1664,0,2042.0,2042,1.0,1,1.0,1
2043,1,1,2108,0,2043.0,2043,1.0,1,1.0,1
2044,1,1,2071,0,2044.0,2044,1.0,1,1.0,1
2045,0,1,1951,0,2045.0,2045,0.0,0,1.0,1
2046,0,0,365,0,2046.0,2046,0.0,0,0.0,0
2047,0,1,231,0,2047.0,2047,0.0,0,1.0,1
2048,0,1,972,0,2048.0,2048,0.0,0,1.0,1
2049,0,1,818,0,2049.0,2049,0.0,0,1.0,1
2050,0,1,1684,0,2050.0,2050,0.0,0,1.0,1
2051,0,1,1178,0,2051.0,2051,0.0,0,1.0,1
2052,0,1,151,0,2052.0,2052,0.0,0,1.0,1
2053,0,1,598,0,2053.0,2053,0.0,0,1.0,1
2054,1,1,550,0,2054.0,2054,1.0,1,1.0,1
2055,0,1,1087,0,2055.0,2055,0.0,0,1.0,1
2056,0,1,805,0,2056.0,2056,0.0,0,1.0,1
2057,0,1,1703,0,2057.0,2057,0.0,0,1.0,1
2058,1,1,709,0,2058.0,2058,1.0,1,1.0,1
2059,1,1,2087,0,2059.0,2059,1.0,1,1.0,1
2060,0,1,1737,0,2060.0,2060,0.0,0,1.0,1
2061,0,1,501,0,2061.0,2061,0.0,0,1.0,1
2062,0,1,428,0,2062.0,2062,0.0,0,1.0,1
2063,0,1,182,0,2063.0,2063,0.0,0,1.0,1
2064,0,1,485,0,2064.0,2064,0.0,0,1.0,1
2065,0,1,925,0,2065.0,2065,0.0,0,1.0,1
2066,0,1,1423,0,2066.0,2066,0.0,0,1.0,1
2067,0,1,1725,0,2067.0,2067,0.0,0,1.0,1
2068,0,1,901,0,2068.0,2068,0.0,0,1.0,1
2069,0,1,782,0,2069.0,2069,0.0,0,1.0,1
2070,0,1,81,0,2070.0,2070,0.0,0,1.0,1
2071,0,1,2031,0,2071.0,2071,0.0,0,1.0,1
2072,0,1,1593,0,2072.0,2072,0.0,0,1.0,1
2073,0,1,1039,0,2073.0,2073,0.0,0,1.0,1
2074,0,1,287,0,2074.0,2074,0.0,0,1.0,1
2075,0,1,425,0,2075.0,2075,0.0,0,1.0,1
2076,0,1,945,0,2076.0,2076,0.0,0,1.0,1
2077,0,1,1792,0,2077.0,2077,0.0,0,1.0,1
2078,0,0,260,0,2078.0,2078,0.0,0,0.0,0
2079,0,1,1724,0,2079.0,2079,0.0,0,1.0,1
2080,0,1,1741,0,2080.0,2080,0.0,0,1.0,1
2081,0,1,1157,0,2081.0,2081,0.0,0,1.0,1
2082,0,1,412,0,2082.0,2082,0.0,0,1.0,1
2083,0,1,726,0,2083.0,2083,0.0,0,1.0,1
2084,0,1,2014,0,2084.0,2084,0.0,0,1.0,1
2085,1,1,653,0,2085.0,2085,1.0,1,1.0,1
2086,0,1,1060,0,2086.0,2086,0.0,0,1.0,1
2087,0,1,1596,0,2087.0,2087,0.0,0,1.0,1
2088,0,0,264,0,2088.0,2088,0.0,0,0.0,0
2089,0,0,190,0,2089.0,2089,0.0,0,0.0,0
2090,0,1,320,0,2090.0,2090,0.0,0,1.0,1
2091,0,1,733,0,2091.0,2091,0.0,0,1.0,1
2092,0,2,88,0,2092.0,2092,0.0,0,2.0,2
2093,0,1,1523,0,2093.0,2093,0.0,0,1.0,1
2094,0,1,54,0,2094.0,2094,0.0,0,1.0,1
2095,0,1,1086,0,2095.0,2095,0.0,0,1.0,1
2096,0,1,455,0,2096.0,2096,0.0,0,1.0,1
2097,0,0,360,0,2097.0,2097,0.0,0,0.0,0
2098,0,1,1945,0,2098.0,2098,0.0,0,1.0,1
2099,0,1,1928,0,2099.0,2099,0.0,0,1.0,1
2100,0,1,702,0,2100.0,2100,0.0,0,1.0,1
2101,0,2,227,0,2101.0,2101,0.0,0,2.0,2
2102,0,1,444,0,2102.0,2102,0.0,0,1.0,1
2103,1,0,160,0,2103.0,2103,1.0,1,0.0,0
2104,0,1,1097,0,2104.0,2104,0.0,0,1.0,1
2105,1,1,357,0,2105.0,2105,1.0,1,1.0,1
2106,0,1,1025,0,2106.0,2106,0.0,0,1.0,1
2107,1,1,1052,0,2107.0,2107,1.0,1,1.0,1
2108,0,1,333,0,2108.0,2108,0.0,0,1.0,1
2109,1,0,193,0,2109.0,2109,1.0,1,0.0,0
2110,0,1,241,0,2110.0,2110,0.0,0,1.0,1
2111,0,1,731,0,2111.0,2111,0.0,0,1.0,1
2112,0,1,1661,0,2112.0,2112,0.0,0,1.0,1
2113,0,1,809,0,2113.0,2113,0.0,0,1.0,1
2114,0,1,442,0,2114.0,2114,0.0,0,1.0,1
2115,0,1,1885,0,2115.0,2115,0.0,0,1.0,1
2116,0,1,1878,0,2116.0,2116,0.0,0,1.0,1
2117,0,1,1918,0,2117.0,2117,0.0,0,1.0,1
2118,1,1,2043,0,2118.0,2118,1.0,1,1.0,1
2119,0,1,996,0,2119.0,2119,0.0,0,1.0,1
2120,1,1,2122,0,2120.0,2120,1.0,1,1.0,1
2121,0,2,126,0,2121.0,2121,0.0,0,2.0,2
2122,1,1,2052,0,2122.0,2122,1.0,1,1.0,1
2123,1,1,574,0,2123.0,2123,1.0,1,1.0,1
2124,0,1,286,0,2124.0,2124,0.0,0,1.0,1
2125,0,1,1043,0,2125.0,2125,0.0,0,1.0,1
2126,0,1,1284,0,2126.0,2126,0.0,0,1.0,1
2127,1,1,2081,0,2127.0,2127,1.0,1,1.0,1
2128,0,1,1064,0,2128.0,2128,0.0,0,1.0,1
2129,1,0,158,0,2129.0,2129,1.0,1,0.0,0
2130,0,1,932,0,2130.0,2130,0.0,0,1.0,1
2131,1,1,2072,0,2131.0,2131,1.0,1,1.0,1
2132,1,1,1532,0,2132.0,2132,1.0,1,1.0,1
