ID,Prénom,Nom,Âge,Salaire,Date_embauche,Ville,Département,Statut,Score_performance,Email,Téléphone,Notes
-1.728846270489965,Pierre,Bernard,,43249,1/10/2017,Strasbourg,Marketing,Actif,-0.24759433724938232,pierre.bernard@entreprise.com,0202789287,0.585117845826118
-1.7224312564992785,Jean,Bertrand,48,39872,5/13/2016,Nantes,IT,Suspendu,-0.49776985042838967,jean.bertrand@entreprise.com,0101471752,1.417513815299936
-1.7160162425085923,Alain,Durand,40,72404,7/8/2018,Nice,Logistique,Suspendu,1.4678948959780962,alain.durand@entreprise.com,0703089934,1.3481474845104515
-1.7096012285179059,Anne,Garcia,52,31633,1-9-2016,Montpellier,Logistique,Suspendu,-0.9623815177608319,anne.garcia@entreprise.com,0601225297,1.4868801460894214
-1.7031862145272196,ALAIN,Leroy  ,44,63791,8/8/2021, Toulouse,Commercial,En cours,1.217719382799089,alain.leroy@entreprise.com,0103274489,1.001315830563027
-1.6967712005365332,Nathalie,Michel,,72324,2019-05-12,Strasbourg,RH,En cours,-1.2840357489909842,nathalie.michel@entreprise.com,0800523855,-0.03917913127924616
-1.690356186545847,Sophie,Bernard,46,42498,4/4/2014,Montpellier,Finance,Actif,-1.0695995948375494,sophie.bernard@entreprise.com,0804666864,1.6256128076683913
-1.6839411725551605,Alain,Simon,60,40590,1/16/2021,Strasbourg,Production,Inactif,-0.4620304914028173,alain.simon@entreprise.com,0800008641,1.001315830563027
-1.6775261585644743,Martine,Simon,48,5736,20-9-2019,Montpellier,Production,Actif,-0.17611561919823762,martine.simon@entreprise.com,-,0.3076525226681783
-1.671111144573788,Michel,Bernard,58,76363,10/26/2023,Marseille,Logistique,Suspendu,0.3599747661853495,michel.bernard@entreprise.com,0100115252,0.030187199510238787
-1.6646961305831016,Christine,Moreau,59,52030,2016-09-27,Toulouse,IT,Actif,1.6108523320803863,christine.moreau@entreprise,0409664265,-0.9409414315425495
-1.6582811165924154,Sophie,Martin,51,78747,23-11-2016,Marseille,Logistique,En cours,-1.2125570309398392,sophie.martin@entreprise.com,0302414123,0.16891986108920837
-1.651866102601729,Jean,Bertrand,26,52722,1.10.2019,Lyon,RH,Inactif,-1.176817671914267,jean.bertrand@entreprise.com,0901594365,0.6544841766156027
-1.6454510886110427,Jean,Martin,55,34923,3-11-2016,Montpellier,IT,Inactif,0.03832053495519743,jean.martin@entreprise.com,0305874820,-1.1490404239110044
-1.6390360746203563,Alain,Bernard,28,-,2-10-2021,Lyon,RH,Inactif,1.5393736140292416,alain.bernard@entreprise.com,0509870126,-0.1085454620687311
-1.63262106062967,Patrice,David,,52096,8/22/2015,Montpellier,Finance,Actif,-0.39055177335167235,patrice.david@entreprise.com,0306284540,-1.0103077623320345
-1.6262060466389836,David,Roux,32,79102,2018-05-11,Nantes,Commercial,Inactif,0.7888470744922196,david.roux@entreprise.com,0204588265,1.2787811537209668
-1.6197910326482974,FRANÇOISE,richard,46,71107,26.5.2015,MONTPELLIER,RH,Actif,-1.2840357489909842,françoise.richard@entreprise.com,0708189223,-1.4265057470689437
-1.613376018657611,Philippe,Moreau,57,70715,2019-10-16,Nantes,Finance,En cours,-0.9981208767864045,philippe.moreau@entreprise.com,0207538325,1.417513815299936
-1.6069610046669247,Pierre,Roux,28,51759,4/2/2023,Bordeaux,Logistique,Actif,-1.6056899802211364,pierre.roux@entreprise.com,0105735902,-0.9409414315425495
-1.6005459906762385,DANIEL,Richard  ,30,64049,2/3/2015, Bordeaux,RH,Suspendu,1.3606768189013791,daniel.richard@entreprise.com,0709863189,-0.4553771160161555
-1.594130976685552,Isabelle,Roux,127,39493,7/9/2017,Montpellier,Logistique,Actif,0.3599747661853495,isabelle.roux@entreprise.com,0108286947,1.6949791384578758
-1.5877159626948658,Isabelle,Petit,25,48066,18/1/2023,Bordeaux,Finance,Actif,1.0032832286456543,isabelle.petit@entreprise.com,0404150136,0.23828619187869332
-1.5813009487041794,Catherine,Durand,52,77233,11/13/2022,Bordeaux,Production,Suspendu,-0.5335092094539624,catherine.durand@entreprise.com..,0507912697,0.9319494997735425
-1.5748859347134931,Sophie,Garcia,35,75147,21-2-2021,Nice,Production,Suspendu,-0.8194240816585421,sophie.garcia@entreprise.com,0402533619,0.7932168381945726
-1.5684709207228067,Isabelle,Martin,30,36994,2018-07-18,Nantes,Production,Suspendu,0.07405989398076977,isabelle.martin@entreprise.com,0604496990,-1.4958720778584287
-1.5620559067321205,Martine,Moreau,39,42806,13-11-2020,Lyon,Finance,Suspendu,-0.21185497822380997,martine.moreau@entreprise.com,0308313570,0.5157515150366327
-1.555640892741434,Laurent,Richard,44,79653,2/11/2014,Montpellier,Marketing,Suspendu,1.0390225876712267,laurent.richard@entreprise,0903379695,-1.7039710702268833
-1.5492258787507478,Sylvie,Dubois,52,76967,14-6-2018,Toulouse,Finance,Suspendu,1.1819800237735167,sylvie.dubois@entreprise.com,0707708682,1.001315830563027
-1.5428108647600614,Christine,David,61,46514,8/8/2021,Nantes,RH,Suspendu,-0.3548124143261,christine.david@entreprise.com,0408157967,0.09955353029972373
-1.5363958507693751,Françoise,Richard,49,39799,19/4/2018,Nantes,Logistique,Actif,1.0390225876712267,françoise.richard@entreprise.com,0309017606,-1.1490404239110044
-1.529980836778689,David,Petit,52,74846,16/5/2019,Strasbourg,IT,En cours,-1.3197751080165567,david.petit@entreprise.com,0101979223,1.417513815299936
-1.5235658227880025,David,Robert,29,42034,8.5.2014,Montpellier,RH,Actif,-0.033158183095947584,david.robert@entreprise.com,0709286606,-1.7733374010163683
-1.5171508087973162,David,Michel,58,31974,6-4-2018,Marseille,Finance,Actif,0.18127797105748714,david.michel@entreprise.com,0905351518,0.3076525226681783
-1.5107357948066298,Anne,Laurent,38,63337,26.7.2015,Lille,Finance,En cours,-1.3912538260677016,anne.laurent@entreprise.com,0407851967,0.3076525226681783
-1.5043207808159436,Christine,David,46,51920,2023-04-21,Nice,Marketing,En cours,-1.1053389538631218,christine.david@entreprise.com,0809880642,0.6544841766156027
-1.4979057668252571,Martine,Durand,27,44418,2022-01-23,,Commercial,Actif,0.5386715613132119,martine.durand@entreprise.com,0202796919,-1.4265057470689437
-1.4914907528345709,François,David,48,37225,9.5.2020,Nantes,RH,En cours,0.2884960481342048,françois.david@entreprise.com,0602464616,1.2094148229314816
-1.4850757388438844, Philippe ,Vincent  ,53,-,4.11.2023, Nantes,Finance,En cours,0.5029322022876396,philippe.vincent@entreprise.com,0601492077,0.6544841766156027
-1.4786607248531982,Martine,Simon,128,53349,2016-09-16,Marseille,Production,Actif,0.002581175929624765,martine.simon@entreprise.com,0809814792,-0.66347610838461
-1.4722457108625118,Marie,Simon,47,79310,24-3-2017,Nice,IT,Actif,0.967543869620082,marie.simon@entreprise.com,0403061420,0.6544841766156027
-1.4658306968718255,Martine,Leroy,52,37338,5/10/2018,Bordeaux,Logistique,Suspendu,-0.6407272865306797,martine.leroy@entreprise.com,0801801071,0.3076525226681783
-1.459415682881139,Martine,Petit,27,,8.8.2018,Marseille,Finance,Inactif,0.002581175929624765,martine.petit@entreprise.com,0803022059,0.585117845826118
-1.4530006688904529,Alain,Petit,56,58647,3.5.2015,Lille,RH,En cours,-1.426993185093274,alain.petit@entreprise.com,0905330567,-0.8715751007530649
-1.4465856548997666,David,Richard,63,53323,12/14/2016,Toulouse,IT,Suspendu,0.3599747661853495,david.richard@entreprise.com,0107674728,-0.31664445443718564
-1.4401706409090802,Alain,David,32,64555,12/18/2015,Strasbourg,Production,Suspendu,-0.3548124143261,alain.david@entreprise.com,0104355104,-0.4553771160161555
-1.433755626918394,Catherine,Martin,63,47396,19/9/2021,Nice,Finance,Suspendu,1.5393736140292416,catherine.martin@entreprise.com,0305621038,0.6544841766156027
-1.4273406129277075,Anne,Thomas,61,273127,7.3.2016,Nantes,Production,Inactif,0.32423540715977717,anne.thomas@entreprise.com,0907683133,0.16891986108920837
-1.4209255989370213, Christine ,laurent,39,74424,9.6.2022,NANTES,Logistique,En cours,-1.3197751080165567,christine.laurent@entreprise.com,0704813015,0.8625831689840572
-1.4145105849463349,Jean,Garcia,26,31925,1/1/2023,Lyon,Commercial,Inactif,0.10979925300634244,jean.garcia@entreprise.com,0207864829,-1.6346047394373986
-1.4080955709556486,Laurent,Moreau,8,78185,26.9.2016,Toulouse,IT,Actif,-0.7122060045818247,laurent.moreau@entreprise.com,0100291146,1.1400484921419969
-1.4016805569649622, David ,david,29,77417,4-3-2023,NICE,Logistique,Actif,0.931804510594509,david.david@@entreprise.com,0301242757,-0.4553771160161555
-1.395265542974276,Marie,Dubois,64,79744,19/7/2015,Nice,RH,Suspendu,-1.4627325441188466,marie.dubois@entreprise.com,0200344373,-0.66347610838461
-1.3888505289835895,Laurent,Laurent,48,32135,12-5-2016,Lyon,IT,Actif,0.25275668910863214,laurent.laurent@entreprise.com,0504096679,-1.218406754700489
-1.3824355149929033,Catherine,Bertrand,44,35688,2-5-2022,Marseille,Commercial,Suspendu,0.2884960481342048,catherine.bertrand@entreprise.com,0304230814,0.7932168381945726
-1.376020501002217,Isabelle,David,33,63596,2018-08-23,Strasbourg,IT,Suspendu,-0.3548124143261,isabelle.david@entreprise.com,0604903629,-1.3571394162794588
-1.3696054870115306,François,Richard,48,72175,20-5-2020,Paris,Marketing,Inactif,-0.24759433724938232,françois.richard@entreprise.com,0309436101,-0.9409414315425495
-1.3631904730208444,Françoise,Petit,39,79202,15.11.2017,Lille,IT,Suspendu,-0.06889754212151993,françoise.petit@entreprise.com,0702958626,-1.7039710702268833
-1.356775459030158,Michel,Garcia,33,56030,1/2/2019,Nantes,IT,En cours,-0.6049879275051071,michel.garcia@entreprise.com,0409483138,-0.2472781236477007
-1.3503604450394717,Marie,Petit,52,56196,20-11-2014,Paris,RH,Suspendu,1.5393736140292416,marie.petit@entreprise.com,0801384087,1.556246476878906
-1.3439454310487853,Daniel,Martin,27,40686,25.9.2015,Paris,RH,Inactif,1.6108523320803863,daniel.martin@entreprise.com,0300417128,1.2787811537209668
-1.337530417058099,Nathalie,Moreau,26,-,10.1.2019,Paris,IT,Actif,1.2891981008502338,nathalie.moreau@entreprise.com,0509466029,-1.0103077623320345
-1.3311154030674126,Pierre,Moreau,53,76716,2023-09-12,Strasbourg,Finance,Suspendu,-0.24759433724938232,pierre.moreau@entreprise.com,0604295436,0.030187199510238787
-1.3247003890767264,François,Garcia,43,79142,18/8/2022,Toulouse,RH,En cours,-0.49776985042838967,françois.garcia@entreprise.com,0805497117,0.4463851842471481
-1.31828537508604,Laurent,Petit,61,48980,27-5-2016,Lyon,RH,Actif,-0.7122060045818247,laurent.petit@entreprise.com,0304651233,-0.66347610838461
-1.3118703610953537,Patrice,Michel,89,57788,2021-04-20,Nantes,Logistique,Inactif,1.3964161779269515,patrice.michel@entreprise.com,0207763716,1.2787811537209668
-1.3054553471046675,Sylvie,Simon,49,75150,17-5-2017,Toulouse,IT,Inactif,-1.1410783128886943,sylvie.simon@entreprise.com,0709962603,1.0706821613525117
-1.299040333113981, Daniel ,Bertrand  ,59,46591,2023-12-23,NICE,Commercial,Inactif,-0.6049879275051071,daniel.bertrand@entreprise.com,0604523300,-1.4958720778584287
-1.2926253191232948,David,Garcia,,51169,2016-01-19,Bordeaux,Logistique,Actif,0.32423540715977717,david.garcia@entreprise.com,0607984809,-1.1490404239110044
-1.2862103051326084,Catherine,Petit,53,61454,10.5.2019,Bordeaux,RH,Inactif,-1.2482963899654118,catherine.petit@entreprise.com,0907479031,-0.732842439174095
-1.2797952911419221,Philippe,Petit,50,40776,21.8.2018,Nantes,Logistique,En cours,0.967543869620082,philippe.petit@entreprise.com,0307416738,0.7238505074050873
-1.2733802771512357,Christine,Garcia,13,56914,9-9-2023,Lyon,Finance,Inactif,-1.176817671914267,christine.garcia@entreprise.com,0208437732,1.3481474845104515
-1.2669652631605495, Daniel ,Fournier  ,33,59209,9/28/2016, Montpellier,Logistique,Inactif,1.4321555369525238,daniel.fournier@entreprise.com,0403912032,0.6544841766156027
-1.260550249169863,Marie,Moreau,63,66906,2022-10-20,Nice,Commercial,Inactif,0.5029322022876396,marie.moreau@entreprise.com,0507118178,-0.66347610838461
-1.2541352351791768,Sophie,Martin,46,30729,3.9.2014,Nice,Production,Suspendu,-1.0338602358119768,sophie.martin@entreprise.com,0102817968,-0.2472781236477007
-1.2477202211884904,David,Moreau,62,71634,6.4.2014,Marseille,IT,Actif,0.967543869620082,david.moreau@entreprise.com,0209993578,0.3076525226681783
-1.2413052071978041,Pierre,Petit,51,73187,2016-10-18,Marseille,IT,Suspendu,-0.8551634406841144,pierre.petitentreprise.com,0301821415,0.030187199510238787
-1.2348901932071177,Sophie,Bernard,46,39002,16-9-2021,Strasbourg,IT,Suspendu,-1.3555144670421293,sophie.bernard@entreprise.com,0508099054,-1.6346047394373986
-1.2284751792164315,Michel,Vincent,41,73784,10.11.2023,Bordeaux,RH,Inactif,-0.7836847226329696,michel.vincent@entreprise.com,0901069697,0.8625831689840572
-1.2220601652257452,,Dubois,31,33998,21/1/2022,Toulouse,Commercial,Inactif,1.4678948959780962,françoise.dubois@entreprise.com,0602147586,-1.4265057470689437
-1.2156451512350588,Isabelle,Roux,64,69018,24-11-2016,Nice,Finance,Actif,1.3964161779269515,isabelle.roux@entreprise.com,0200897128,0.7238505074050873
-1.2092301372443726,Christine,Vincent,28,35406,2015-02-10,Strasbourg,Finance,Actif,-0.10463690114709259,christine.vincent@entreprise.com,0502291995,-1.6346047394373986
-1.2028151232536861,Françoise,Robert,36,41124,24.3.2019,Paris,Commercial,En cours,-0.14037626017266494,françoise.robert@entreprise.com,0601616678,1.0706821613525117
-1.196400109263,Philippe,Bertrand,46,72274,21-1-2015,Montpellier,IT,Actif,0.5744109203387846,philippe.bertrand@entreprise.com,,1.6256128076683913
-1.1899850952723134,Daniel,Moreau,54,58112,8/9/2016,Strasbourg,Marketing,En cours,-0.9266421587352595,daniel.moreau@entreprise.com,0706693377,1.001315830563027
-1.1835700812816272,Laurent,Lefebvre,26,51978,11/26/2019,Toulouse,Logistique,Inactif,-0.24759433724938232,laurent.lefebvre@entreprise.com,0807721094,1.2094148229314816
-1.1771550672909408,Catherine,David,34,60815,15.8.2023,Strasbourg,RH,En cours,-0.9623815177608319,catherine.david@entreprise.com,0401317946,-1.3571394162794588
-1.1707400533002545,Sylvie,Fournier,43,53323,28-3-2016,Paris,Finance,Inactif,-0.17611561919823762,sylvie.fournier@entreprise.com,0504081547,-0.66347610838461
-1.164325039309568,Patrice,Durand,25,53631,2023-01-07,Nantes,Finance,En cours,-0.49776985042838967,patrice.durand@entreprise.com,0605012289,-0.5941097775951251
-1.1579100253188819,Daniel,Bertrand,45,35864,5/11/2014,Bordeaux,Finance,Inactif,-0.7122060045818247,daniel.bertrand@entreprise.com,0803028864,-1.5652384086479134
-1.1514950113281957,Martine,David,45,72734,17/9/2017,Nantes,Finance,Inactif,-0.06889754212151993,martine.david@entreprise.com,0408775466,1.2094148229314816
-1.1450799973375092,François,Fournier,39,63424,2017-01-19,Toulouse,RH,En cours,-0.28333369627495497,françois.fournier@entreprise.com,0909087192,-0.8022087699635799
-1.138664983346823,David,Thomas,44,37028,2016-12-08,Marseille,Logistique,Suspendu,-1.4627325441188466,david.thomas@entreprise.com,0505846917,-1.7039710702268833
-1.1322499693561365,Sylvie,Laurent,,33591,24/10/2023,Strasbourg,Commercial,Actif,0.10979925300634244,sylvie.laurent@entreprise.com,0704943224,1.1400484921419969
-1.1258349553654503,Catherine,David,50,50288,17/8/2017,Nice,Finance,Actif,0.2884960481342048,catherine.david@entreprise.com,0107479006,0.6544841766156027
-1.1194199413747639,ISABELLE,Martin  ,36,68037,2014-12-13,NICE,RH,Actif,-0.28333369627495497,isabelle.martin@entreprise.com,0104505708,-1.287773085489974
-1.1130049273840776,,David,42,49845,14-4-2014,Bordeaux,Finance,Inactif,-1.426993185093274,isabelle.david@entreprise.com,0502198959,-0.8022087699635799
-1.1065899133933912,Pierre,Richard,55,51886,2016-10-02,Lille,Marketing,Suspendu,-0.39055177335167235,pierre.richard@entreprise.com,0104373197,-1.6346047394373986
-1.100174899402705,Pierre,Bernard,44,58797,13/7/2020,Bordeaux,IT,En cours,-1.7843867753489986,pierre.bernard@entreprise.com,0605788568,1.4868801460894214
-1.0937598854120185,Catherine,Vincent,35,56723,19-5-2015,Lyon,IT,Actif,-0.8194240816585421,catherine.vincent@entreprise.com,0504423955,0.3076525226681783
-1.0873448714213323,Isabelle,Simon,42,67980,11/15/2022,Strasbourg,Production,Actif,0.8603257925433643,isabelle.simon@entreprise.com,0708435009,1.0706821613525117
-1.080929857430646,Patrice,Bertrand,33,39507,10-1-2021,Marseille,Marketing,Suspendu,-1.6771686982722815,patrice.bertrand@entreprise.com,0305243556,1.1400484921419969
-1.0745148434399596,Marie,Robert,37,59406,3.11.2023,,Logistique,Inactif,-0.3548124143261,marie.robert@entreprise.com,0702609869,-1.1490404239110044
-1.0680998294492734,Catherine,Lefebvre,58,68119,11-3-2014,Montpellier,Commercial,Suspendu,0.967543869620082,catherine.lefebvre@entreprise.com,0702801798,0.7238505074050873
-1.061684815458587,David,Robert,61,31809,10-6-2019,Marseille,Finance,Inactif,1.3964161779269515,david.robert@entreprise.com,0803036084,-1.7733374010163683
-1.0552698014679007,CHRISTINE,thomas,36,,26-10-2016,NANTES,RH,En cours,-0.5692485684795348,christine.thomas@entreprise.com,0503512664,-1.218406754700489
-1.0488547874772143,Jean,Durand,45,36365,7.3.2015,Montpellier,IT,Actif,1.217719382799089,jean.durand@entreprise.com,0105893839,1.001315830563027
-1.042439773486528,Sylvie,Simon,35,59250,6-12-2022,Nice,Production,Inactif,0.5744109203387846,sylvie.simon@entreprise.com,0903687595,0.6544841766156027
-1.0360247594958416,Anne,Laurent,42,53212,3.6.2023,Nice,Marketing,Suspendu,1.1462406647479444,anne.laurent@entreprise.com,0504356059,-0.8715751007530649
-1.0296097455051554,Anne,Roux,31,70809,24/11/2018,Paris,Marketing,En cours,1.6465916911059586,anne.roux@entreprise.com,0406581615,0.6544841766156027
-1.023194731514469,Patrice,Vincent,52,57651,9/7/2019,Lille,Finance,Suspendu,-0.890902799709687,patrice.vincent@entreprise.com,0309502779,-0.17791179285821604
-1.0167797175237827,Pierre,Roux,61,48404,11/20/2022,Montpellier,IT,En cours,0.5029322022876396,pierre.roux@entreprise.com,0307274578,0.3076525226681783
-1.0103647035330963,Nathalie,Leroy,59,,8/11/2021,Marseille,Logistique,En cours,-1.6771686982722815,nathalie.leroy@entreprise.com,0500173264,1.001315830563027
-1.00394968954241,Laurent,Dubois,61,43959,1/8/2016,Lille,Finance,En cours,-1.2125570309398392,laurent.dubois@entreprise.com,0906101312,1.1400484921419969
-0.9975346755517237,Christine,Bertrand,46,36912,2019-12-01,Nantes,Commercial,Actif,1.2534587418246614,christine.bertrand@entreprise.com,0607570861,1.556246476878906
-0.9911196615610374,David,Petit,35,56637,9-3-2014,Marseille,Marketing,Inactif,1.1105013057223714,david.petit@entreprise.com,0403456389,1.556246476878906
-0.984704647570351,Laurent,Michel,60,55196,2014-11-18,Bordeaux,IT,Suspendu,-1.0338602358119768,laurent.michel@entreprise.com,,0.8625831689840572
-0.9782896335796647,Pierre,Thomas,54,67015,2019-11-13,Toulouse,IT,En cours,-0.3190730553005273,pierre.thomas@entreprise.com,0805377382,1.001315830563027
-0.9718746195889784,Martine,Richard,46,71775,11/2/2020,Toulouse,Marketing,Actif,0.25275668910863214,martine.richard@entreprise.com,0101058294,1.1400484921419969
-0.9654596055982921,Alain,Laurent,26,33429,11/6/2021,Montpellier,Logistique,Suspendu,-0.747945363607397,alain.laurent@entreprise.com,0908634764,-1.4265057470689437
-0.9590445916076058,Michel,Bernard,63,51766,8/5/2015,Marseille,Production,Inactif,0.10979925300634244,michel.bernard@entreprise.com,0503835186,-1.287773085489974
-0.9526295776169195,Laurent,Bertrand,63,48662,2014-10-05,Toulouse,Production,Suspendu,-0.033158183095947584,laurent.bertrand@entreprise.com,0106316902,0.585117845826118
-0.9462145636262331, #N/A ,thomas,29,45389,2-12-2021, Montpellier,Logistique,Actif,0.6458896383899295,alain.thomas@entreprise.com,0807859115,0.030187199510238787
-0.9397995496355468,Pierre,Moreau,53,38795,21/9/2022,Nice,IT,Inactif,1.6465916911059586,pierre.moreau@entreprise.com,0906843598,-1.218406754700489
-0.9333845356448605,Jean,Petit,46,72551,9.9.2023,Nantes,Finance,Suspendu,-0.17611561919823762,jean.petit@entreprise.com,0101894617,-0.17791179285821604
-0.9269695216541741,Alain,Martin,33,31879,13.1.2023,Paris,Logistique,Actif,-0.8194240816585421,alain.martin@entreprise.com,,0.09955353029972373
-0.9205545076634878,Sophie,Vincent,62,72017,3/19/2014,Bordeaux,IT,Inactif,0.967543869620082,sophie.vincent@entreprise.com,0300442493,1.2094148229314816
-0.9141394936728015,Michel,Michel,45,47052,4/7/2019,Bordeaux,IT,Inactif,-0.6407272865306797,michel.michel@entreprise.com,0600810929,0.3076525226681783
-0.9077244796821151,François,Bertrand,42,75338,11/19/2015,Lyon,IT,Actif,1.4321555369525238,françois.bertrand@entreprise.com,0408465123,0.030187199510238787
-0.9013094656914288,Sylvie,Bernard,61,46672,28/3/2021,Toulouse,Commercial,Inactif,-1.7843867753489986,sylvie.bernard@entreprise.com..,0402333234,0.3076525226681783
-0.8948944517007426,Marie,Martin,52,71801,21-8-2022,Nantes,Commercial,Inactif,-0.033158183095947584,marie.martin@entreprise.com,0902209947,-0.1085454620687311
-0.8884794377100562,Daniel,Garcia,52,61097,8/22/2014,Lyon,RH,Actif,-1.176817671914267,daniel.garcia@entreprise.com,0703869651,0.3770188534576629
-0.8820644237193699,Christine,Durand,50,59846,11.6.2017,,Logistique,Suspendu,0.610150279364357,christine.durand@entreprise.com,0309487562,0.3076525226681783
-0.8756494097286835,Michel,Roux,38,47126,28-12-2021,Lille,Marketing,En cours,-0.21185497822380997,michel.roux@entreprise.com,0704844259,1.1400484921419969
-0.8692343957379972,Christine,Richard,56,54795,4-7-2022,Paris,Marketing,Inactif,-0.39055177335167235,christine.richard@entreprise.com,0905460660,0.16891986108920837
-0.8628193817473109,Laurent,Garcia,61,55791,16.5.2022,Lille,Production,Suspendu,-1.176817671914267,laurent.garcia@entreprise.com,0103348408,-0.38601078522667054
-0.8564043677566245,,Bernard,43,54052,2017-04-01,Nice,Commercial,Inactif,-1.2125570309398392,daniel.bernard@entreprise.com,0908814838,0.23828619187869332
-0.8499893537659382,Isabelle,Lefebvre,36,57446,2023-01-17,Lyon,Logistique,Actif,0.25275668910863214,isabelle.lefebvre@entreprise.com,0300818978,-0.31664445443718564
-0.8435743397752519,Jean,Michel,62,72266,23-3-2016,Nice,Commercial,Suspendu,0.18127797105748714,,0507376725,1.1400484921419969
-0.8371593257845655,Philippe,Vincent,55,72593,2019-05-26,Nantes,Commercial,En cours,-0.10463690114709259,philippe.vincent@entreprise.com,0204135883,-1.0103077623320345
-0.8307443117938792,Anne,Robert,41,63379,2019-12-21,Strasbourg,Logistique,En cours,-1.176817671914267,anne.robert@entreprise.com..,0208454946,-1.287773085489974
-0.8243292978031929,Jean,Robert,58,52797,16-10-2020,Bordeaux,RH,Actif,-0.3190730553005273,jean.robert@entreprise.com,0801895522,1.1400484921419969
-0.8179142838125066,Patrice,Robert,55,53232,13/4/2021,Marseille,IT,Suspendu,1.2891981008502338,patrice.robert@entreprise.com,0409941256,-0.732842439174095
-0.8114992698218203, Sylvie ,durand,34,39408,2020-09-24, Lille,Marketing,Inactif,-1.0338602358119768,sylvie.durand@entreprise.com,0401584251,0.585117845826118
-0.805084255831134,Pierre,Dubois,36,59759,4/10/2017,Paris,IT,Inactif,-0.7836847226329696,,0202453357,0.4463851842471481
-0.7986692418404476,François,David,48,31934,2016-06-17,Paris,IT,En cours,0.18127797105748714,françois.david@entreprise.com,0609091260,-0.38601078522667054
-0.7922542278497613,Jean,Roux,56,75690,23-8-2016,Nice,Finance,Actif,-0.9981208767864045,jean.roux@entreprise.com,0802539604,-0.8715751007530649
-0.785839213859075,ISABELLE,Martin  ,51,67109,9/24/2023, Paris,IT,Actif,1.753809768182676,isabelle.martin@entreprise.com,0308474418,0.3076525226681783
-0.7794241998683886, Laurent ,Roux  ,60,30152,16/10/2020,PARIS,Finance,Inactif,0.03832053495519743,laurent.roux@entreprise.com,0504506135,1.6256128076683913
-0.7730091858777023,Michel,Durand,30,46692,6/7/2015,Marseille,Production,Suspendu,-0.24759433724938232,michel.durand@entreprise.com,0608972877,-1.218406754700489
-0.766594171887016,Isabelle,Martin,60,74905,21.6.2014,Paris,Finance,Inactif,1.2534587418246614,isabelle.martin@entreprise.com,0507567977,-0.5247434468056404
-0.7601791578963296,Jean,Bertrand,45,78881,21.12.2017,Lyon,Logistique,Actif,-1.7843867753489986,jean.bertrand@entreprise.com,0206291201,0.8625831689840572
-0.7537641439056433,Daniel,Dubois,28,37352,2014-01-03,Toulouse,Production,Inactif,0.7888470744922196,daniel.dubois@entreprise.com,0702644813,1.417513815299936
-0.7473491299149569,Martine,Vincent,26,44330,5/5/2022,Nice,Marketing,Inactif,-1.176817671914267,martine.vincent@entreprise.com,0207580624,-1.4265057470689437
-0.7409341159242707,David,David,28,65427,2015-06-27,Nice,Commercial,Suspendu,-0.8551634406841144,david.david@entreprise.com,0100162326,0.585117845826118
-0.7345191019335844,Françoise,Bertrand,62,34743,20/6/2016,Marseille,Production,En cours,-1.1410783128886943,françoise.bertrand@entreprise.com,0307126012,0.7238505074050873
-0.728104087942898,Françoise,Laurent,47,34351,11/6/2023,Strasbourg,Production,Suspendu,1.5393736140292416,françoise.laurent@entreprise.com,0403514021,-0.4553771160161555
-0.7216890739522117,Jean,Michel,87,38545,2019-12-01,Bordeaux,IT,En cours,-0.676466645556252,jean.michel@entreprise.com,0802521564,-0.9409414315425495
-0.7152740599615254,Daniel,Durand,57,78187,2020-03-21,Lyon,Finance,Actif,1.0390225876712267,daniel.durand@entreprise.com,0609744647,1.4868801460894214
-0.708859045970839,Pierre,Lefebvre,36,30349,2020-08-10,Lille,IT,Suspendu,-1.7843867753489986,pierre.lefebvre@entreprise.com,0907639718,0.16891986108920837
-0.7024440319801527,Jean,Robert,40,36089,2015-08-22,Nice,Production,Suspendu,-0.17611561919823762,jean.robert@entreprise.com,0300051155,-0.732842439174095
-0.6960290179894664,Françoise,Petit,41,64905,27-6-2014,Marseille,IT,En cours,0.002581175929624765,françoise.petit@entreprise.com,0901078351,-1.0796740931215194
-0.68961400399878,Françoise,Roux,64,71887,12/11/2017,Lyon,Logistique,Actif,-0.9266421587352595,françoise.roux@entreprise.com,0103019022,0.16891986108920837
-0.6831989900080937,LAURENT,garcia,33,58081,2023-04-02, Montpellier,Logistique,Actif,1.7180704091571037,laurent.garcia@entreprise.com,0505559517,-1.4958720778584287
-0.6767839760174074,Catherine,Robert,63,50419,2014-05-04,Bordeaux,Marketing,Actif,1.074761946696799,catherine.robert@entreprise.com,0107821245,0.585117845826118
-0.6703689620267211, David ,David  ,29,32354,2020-10-15,MONTPELLIER,Production,En cours,1.2891981008502338,david.david@entreprise.com,0508345722,-0.9409414315425495
-0.6639539480360348,Isabelle,Michel,52,,5/3/2019,Montpellier,Commercial,Suspendu,0.6816289974155019,isabelle.michel@entreprise.com,0403268302,-1.7039710702268833
-0.6575389340453485,Nathalie,Bertrand,30,60191,13-3-2015,Nantes,IT,Inactif,-0.8194240816585421,nathalie.bertrand@entreprise.com,0507702817,-0.8022087699635799
-0.6511239200546621,Daniel,Laurent,31,77313,10/3/2016,Marseille,IT,En cours,1.2534587418246614,daniel.laurent@entreprise.com,0202617847,1.001315830563027
-0.6447089060639758,David,Durand,45,47258,10/17/2020,Nice,Commercial,Actif,-1.1410783128886943,david.durand@entreprise.com,0409283631,0.8625831689840572
-0.6382938920732895,Isabelle,Lefebvre,61,59727,14.5.2023,Bordeaux,Production,Suspendu,1.4321555369525238,isabelle.lefebvre@entreprise.com,,-0.8715751007530649
-0.6318788780826031,Pierre,David,25,41755,5/3/2022,Lyon,Marketing,En cours,-1.2840357489909842,pierre.david@entreprise.com,0101188925,-1.0796740931215194
-0.6254638640919168,Isabelle,Dubois,60,75224,2022-08-11,Lyon,Marketing,Suspendu,-0.6049879275051071,isabelle.dubois@entreprise.com,0504612607,0.5157515150366327
-0.6190488501012305,Isabelle,Garcia,43,65421,13-1-2021,Nice,IT,Inactif,0.5029322022876396,isabelle.garcia@entreprise.com,0808370623,-0.732842439174095
-0.6126338361105441,Catherine,Durand,57,38953,8/25/2016,Nice,Marketing,En cours,1.7180704091571037,catherine.durand@entreprise.com,0804152601,-0.8715751007530649
-0.6062188221198578,,Bernard,28,61271,2020-06-26,Nantes,Finance,Suspendu,-1.0695995948375494,jean.bernard@entreprise.com,0908288787,1.2787811537209668
-0.5998038081291714,David,Fournier,28,47650,7.4.2017,Marseille,Logistique,Actif,1.0390225876712267,david.fournier@entreprise.com,0901311285,0.3076525226681783
-0.5933887941384852,François,Fournier,46,69613,7-8-2023,Marseille,Production,Actif,-0.7122060045818247,françois.fournier@entreprise.com,0707638797,-1.7039710702268833
-0.5869737801477989,Pierre,Moreau,26,43787,9-3-2023,Marseille,Marketing,Inactif,1.6823310501315314,pierre.moreau@entreprise.com,0604368236,1.0706821613525117
-0.5805587661571125,Martine,Simon,47,61932,22.6.2023,Paris,Marketing,Actif,-1.4627325441188466,martine.simon@entreprise.com,0304879427,0.3770188534576629
-0.5741437521664262,Michel,Michel,62,63521,2016-06-13,Nice,Finance,Inactif,0.5029322022876396,michel.michel@entreprise.com..,0408919556,-1.4265057470689437
-0.5677287381757399,Marie,David,49,44978,3/7/2018,Montpellier,Production,Actif,-1.712908057297854,marie.david@entreprise.com,0805918837,-0.2472781236477007
-0.5613137241850535,Pierre,Durand,28,65975,9-8-2020,Lille,IT,Suspendu,-0.747945363607397,pierre.durand@entreprise.com,0306556263,0.09955353029972373
-0.5548987101943672,Sophie,Lefebvre,58,61258,28.8.2018,Nantes,IT,Inactif,-1.6056899802211364,sophie.lefebvre@entreprise.com,0400113890,-0.03917913127924616
-0.5484836962036809,Isabelle,Laurent,39,36667,3-2-2020,Strasbourg,Production,Suspendu,1.5036342550036692,isabelle.laurent@entreprise.com,0500589926,-1.1490404239110044
-0.5420686822129945,Michel,Petit,30,30269,3/26/2015,Paris,RH,Actif,0.10979925300634244,michel.petit@entreprise.com,0106782701,-1.7039710702268833
-0.5356536682223082,,Laurent,49,76668,10.6.2023,Paris,IT,Inactif,-0.9266421587352595,sylvie.laurent@entreprise.com,0908114472,0.7238505074050873
-0.5292386542316219,Isabelle,Simon,31,75746,9.6.2015,Paris,Marketing,Suspendu,0.5029322022876396,isabelle.simonentreprise.com,0100245905,1.556246476878906
-0.5228236402409356,Patrice,Bernard,-,34353,9/2/2017,Toulouse,Logistique,Suspendu,-0.9266421587352595,patrice.bernard@entreprise.com,0603231910,-1.7039710702268833
-0.5164086262502493,Anne,Roux,25,78142,4.2.2016,Strasbourg,Production,Actif,0.18127797105748714,anne.roux@entreprise.com..,0902630144,0.3076525226681783
-0.509993612259563,Philippe,Bernard,64,30498,3/4/2017,Paris,Marketing,Suspendu,0.25275668910863214,philippe.bernard@entreprise.com,0503433539,-1.4265057470689437
-0.5035785982688766,François,Michel,35,55482,14-1-2022,Strasbourg,IT,En cours,-0.890902799709687,françois.michel@entreprise.com,0402396783,1.2787811537209668
-0.4971635842781903,Pierre,Robert,38,42840,12/15/2023,Strasbourg,Production,En cours,1.5393736140292416,pierre.robert@entreprise.com,0207836099,-0.17791179285821604
-0.49074857028750396,Alain,Lefebvre,31,77181,2020-10-13,Marseille,IT,En cours,-0.5335092094539624,alain.lefebvre@entreprise.com,0109255255,0.23828619187869332
-0.4843335562968176,David,Laurent,38,66066,4-1-2018,Nice,RH,Inactif,-0.9981208767864045,david.laurent@entreprise.com,0801989528,-0.2472781236477007
-0.4779185423061313,Jean,Simon,50,63669,24/4/2021,Montpellier,Logistique,Inactif,-1.2482963899654118,jean.simon@entreprise.com,0409270500,1.6256128076683913
-0.47150352831544495,Michel,Richard,36,75375,21.1.2023,Marseille,Finance,Actif,0.3957141252109222,michel.richard@entreprise.com,0102437758,-1.0103077623320345
-0.4650885143247587,David,Dubois,45,68795,2019-07-07,Toulouse,Marketing,Suspendu,-0.033158183095947584,david.dubois@entreprise.com,0708058950,0.4463851842471481
-0.45867350033407234,Isabelle,Petit,46,,2/23/2021,Nice,Finance,En cours,-0.3190730553005273,isabelle.petit@entreprise.com,0401706645,1.001315830563027
-0.452258486343386,SYLVIE,robert,48,72264,3/10/2014, Toulouse,Commercial,En cours,0.1455386120319148,sylvie.robert@entreprise.com,0408365162,1.417513815299936
-0.44584347235269967,David,Martin,34,51580,17.1.2020,Bordeaux,Logistique,Actif,-0.49776985042838967,david.martin@entreprise.com,0904566571,1.6256128076683913
-0.43942845836201333,Françoise,Richard,25,55939,12/11/2018,Strasbourg,RH,Actif,1.5393736140292416,françoise.richard@entreprise.com,0709686227,1.1400484921419969
-0.433013444371327,Nathalie,Richard,39,43809,5.4.2023,Paris,Logistique,Inactif,0.8603257925433643,nathalie.richard@entreprise.com,0506587911,0.6544841766156027
-0.4265984303806407,Nathalie,Richard,61,69154,15-7-2020,Lille,Logistique,Inactif,0.5386715613132119,,0100292478,0.030187199510238787
-0.4201834163899544,ISABELLE,Simon  ,60,45690,2019-06-16, Paris,IT,Suspendu,0.25275668910863214,isabelle.simon@entreprise.com,0204233623,0.9319494997735425
-0.41376840239926804,Laurent,Moreau,31,74994,23.2.2016,Nice,RH,Suspendu,0.6458896383899295,laurent.moreau@entreprise.com,0901579802,0.5157515150366327
-0.4073533884085817,Jean,Leroy,44,44259,28-9-2014,Strasbourg,Marketing,Suspendu,-1.3197751080165567,jean.leroy@entreprise.com,0508929661,1.0706821613525117
-0.40093837441789537,François,Richard,115,45395,22-8-2015,Paris,Finance,Actif,-0.10463690114709259,-,0209262811,0.8625831689840572
-0.39452336042720904,Patrice,Laurent,31,77336,4/21/2021,,IT,Actif,1.575112973054814,patrice.laurent@entreprise.com,0606809402,-0.66347610838461
-0.38810834643652276,Nathalie,Michel,62,55694,22-1-2021,Toulouse,Commercial,Inactif,-1.712908057297854,nathalie.michel@entreprise.com,0401906095,-1.4265057470689437
-0.3816933324458364,Françoise,Moreau,59,48055,6/2/2016,Lille,Finance,Suspendu,-0.10463690114709259,françoise.moreau@entreprise.com,0403800220,-0.9409414315425495
-0.3752783184551501,Anne,Roux,63,58515,23.12.2016,Marseille,Logistique,Inactif,0.5744109203387846,anne.roux@entreprise.com,0608142038,-0.38601078522667054
-0.36886330446446375,Daniel,Leroy,35,38213,5.3.2016,Nantes,Logistique,Actif,1.5393736140292416,daniel.leroy@entreprise.com,0803878578,-1.7039710702268833
-0.3624482904737774,,Fournier,31,73892,13/9/2021,Nantes,Production,Inactif,-0.9266421587352595,catherine.fournier@entreprise.com,0808552471,-1.5652384086479134
-0.3560332764830911,Sophie,Roux,30,72132,28.6.2014,Paris,Marketing,Actif,-0.5692485684795348,sophie.roux@entreprise.com,0905612899,-1.0103077623320345
-0.3496182624924048,Jean,David,36,60685,5/4/2020,Toulouse,IT,Inactif,0.43145348423649454,jean.david@entreprise.com,0805798215,0.585117845826118
-0.34320324850171846,François,Richard,64,,7/20/2014,Nice,Logistique,En cours,-0.21185497822380997,françois.richard@entreprise.com,0509381755,0.7238505074050873
-0.3367882345110321,Sylvie,Moreau,54,74308,10/1/2015,Montpellier,Finance,En cours,-1.2125570309398392,sylvie.moreau@entreprise.com,0302828458,-1.287773085489974
-0.3303732205203458,Sophie,Bernard,32,68584,13.1.2022,Lille,IT,En cours,-0.8194240816585421,sophie.bernard@entreprise.com,0808692468,0.7238505074050873
-0.32395820652965945,Anne,Vincent,57,31421,12/2/2018,Toulouse,Production,En cours,1.4678948959780962,anne.vincent@entreprise.com,0205894297,0.8625831689840572
-0.3175431925389732, Michel ,bertrand,59,32888,14-12-2017,TOULOUSE,Marketing,Inactif,-0.21185497822380997,,0502055417,1.4868801460894214
-0.31112817854828684,Sophie,David,60,31729,17.10.2019,Paris,Logistique,Suspendu,-0.06889754212151993,sophie.david@entreprise.com,-,-1.6346047394373986
-0.3047131645576005,ALAIN,simon,64,35876,2023-09-14,NANTES,RH,Inactif,-0.9981208767864045,alain.simon@entreprise.com,0502742100,-0.1085454620687311
-0.29829815056691417,Michel,Petit,57,77781,7-7-2023,Lyon,Logistique,Inactif,-0.7836847226329696,,0905788283,-0.17791179285821604
-0.29188313657622783,Alain,Laurent,29,56069,3.9.2014,Strasbourg,IT,Suspendu,0.6816289974155019,alain.laurent@entreprise.com,0805189543,-0.5247434468056404
-0.2854681225855415,Philippe,David,31,43096,2022-11-01,Lyon,Marketing,Inactif,1.7180704091571037,philippe.david@entreprise.com,0201246584,-0.8715751007530649
-0.2790531085948552,PIERRE,Moreau  ,44,72964,16/4/2018,LYON,RH,En cours,0.10979925300634244,pierre.moreau@entreprise.com,0509822000,1.2094148229314816
-0.2726380946041689,Jean,Dubois,49,40026,2017-06-07,Marseille,RH,En cours,-1.426993185093274,jean.dubois@entreprise.com,0108709492,0.7238505074050873
-0.26622308061348254,Laurent,Bernard,62,78234,28.7.2019,Marseille,Commercial,Actif,-1.1053389538631218,laurent.bernard@entreprise.com,0604922780,0.8625831689840572
-0.2598080666227962,SOPHIE,Richard  ,46,31824,12/16/2022,NANTES,Logistique,Suspendu,-0.14037626017266494,sophie.richard@entreprise.com,0801889171,0.09955353029972373
-0.25339305263210987,Philippe,Fournier,49,42748,17-10-2022,Toulouse,Commercial,Inactif,1.0032832286456543,philippe.fournier@entreprise.com,0305665901,-1.1490404239110044
-0.24697803864142356,Sylvie,Durand,38,45314,5/17/2018,Lille,RH,En cours,-1.2840357489909842,sylvie.durand@entreprise.com,0303661923,1.3481474845104515
-0.24056302465073723,Sophie,Fournier,40,76143,10/9/2023,Lyon,RH,Suspendu,-0.747945363607397,sophie.fournier@entreprise.com,0108426337,-0.2472781236477007
-0.2341480106600509,Sophie,Simon,47,225580,5/26/2021,Nantes,Marketing,Actif,0.46719284326206717,sophie.simon@entreprise.com,0503884114,-1.218406754700489
-0.22773299666936458,Michel,Moreau,62,56563,2018-06-16,Paris,Marketing,Inactif,0.5744109203387846,michel.moreau@entreprise.com,0607798346,-1.0103077623320345
-0.22131798267867825, Alain ,Garcia  ,47,37282,6/23/2017,NICE,IT,Actif,-1.0338602358119768,alain.garcia@entreprise.com,0200019599,-1.7039710702268833
-0.2149029686879919,Anne,David,26,41308,28.8.2015,Bordeaux,Production,En cours,-1.0338602358119768,anne.david@entreprise.com,0506872637,-0.17791179285821604
-0.2084879546973056,Catherine,Moreau,,76316,5/8/2014,Nantes,Finance,Actif,-0.6049879275051071,catherine.moreau@entreprise.com,0901425904,-0.8715751007530649
-0.20207294070661927,Martine,Roux,31,52339,27.10.2015,Montpellier,Marketing,Inactif,0.21701733008305982,martine.roux@entreprise.com,0201865765,-1.3571394162794588
-0.19565792671593296, Christine ,dubois,25,79534,9/7/2014,STRASBOURG,Production,Inactif,0.1455386120319148,christine.dubois@entreprise.com,0104886549,-1.4958720778584287
-0.18924291272524663,Pierre,David,49,40384,25/7/2016,Marseille,RH,Suspendu,0.03832053495519743,pierre.david@entreprise.com,0307479956,1.4868801460894214
-0.1828278987345603,Jean,Dubois,56,38689,2018-04-20,Strasbourg,Logistique,Actif,-0.21185497822380997,jean.dubois@entreprise.com,0203520252,-0.03917913127924616
-0.17641288474387398,Patrice,Petit,51,38171,17/2/2021,Marseille,IT,Inactif,0.3957141252109222,patrice.petit@entreprise.com,0500870670,0.9319494997735425
-0.16999787075318765, NULL ,Durand  ,53,50657,2016-02-28, Toulouse,RH,Actif,1.4321555369525238,françoise.durandentreprise.com,0900810211,-1.6346047394373986
-0.1635828567625013,Martine,Petit,,65108,4.10.2019,Nantes,Marketing,Actif,0.10979925300634244,martine.petit@entreprise.com,0405243037,1.1400484921419969
-0.157167842771815,Jean,Moreau,25,42474,17-4-2023,,Logistique,En cours,-1.4984719031444194,jean.moreau@entreprise.com,0304485251,1.2094148229314816
-0.15075282878112867,Sylvie,Robert,44,56259,2/6/2018,Paris,Commercial,Actif,-1.2482963899654118,sylvie.robert@entreprise.com,0204602811,0.7932168381945726
-0.14433781479044233,Jean,Thomas,27,79574,9/12/2016,Nice,Commercial,Suspendu,-0.17611561919823762,jean.thomas@entreprise.com,0209490797,1.417513815299936
-0.13792280079975602,Alain,Roux,52,78160,10/3/2014,Nice,RH,Inactif,0.18127797105748714,alain.roux@entreprise.com,0705081237,0.9319494997735425
-0.1315077868090697,Pierre,Petit,45,76072,11/22/2021,Marseille,IT,En cours,0.8960651515689366,pierre.petit@entreprise.com,0400539213,0.23828619187869332
-0.12509277281838335,Jean,Michel,40,64042,8.4.2015,Marseille,Logistique,Suspendu,-0.7836847226329696,jean.michel@entreprise.com,0709803568,1.6949791384578758
-0.11867775882769703,Philippe,Michel,27,44302,8/24/2019,Lille,Finance,Suspendu,0.43145348423649454,philippe.michel@entreprise.com,0907963871,0.6544841766156027
-0.11226274483701071,Philippe,Lefebvre,42,53621,9.8.2017,Nantes,Commercial,En cours,1.2534587418246614,philippe.lefebvre@entreprise.com,0301670818,-0.66347610838461
-0.10584773084632439,François,Thomas,36,73430,2.11.2019,Strasbourg,Production,Actif,-1.2482963899654118,françois.thomas@entreprise.com,0708871915,-1.6346047394373986
-0.09943271685563805,David,Lefebvre,36,63126,11/28/2015,Bordeaux,Logistique,En cours,0.5029322022876396,david.lefebvre@entreprise.com,0507104256,1.3481474845104515
-0.09301770286495173,Jean,Robert,48,64513,9/23/2016,Nantes,Finance,Actif,1.5393736140292416,jean.robert@entreprise.com,0800189712,-1.0796740931215194
-0.08660268887426541,Nathalie,Simon,45,79336,1.2.2022,Strasbourg,Marketing,Actif,1.2534587418246614,nathalie.simon@entreprise.com,0808705735,1.4868801460894214
-0.08018767488357907,Philippe,Lefebvre,15,39464,16/12/2023,Lille,Finance,Suspendu,1.7180704091571037,NULL..,0101799723,-0.03917913127924616
-0.07377266089289275,David,Petit,45,56888,2023-08-28,Bordeaux,Marketing,Inactif,0.43145348423649454,david.petit@entreprise,0505370279,1.4868801460894214
-0.06735764690220643,Michel,David,55,75623,23/2/2017,Strasbourg,RH,Suspendu,-1.4627325441188466,michel.david@entreprise.com,0809497880,1.0706821613525117
-0.0609426329115201,Patrice,Thomas,41,58939,6/22/2016,Lyon,Logistique,Suspendu,0.46719284326206717,patrice.thomas@entreprise.com,0204430328,-1.4265057470689437
-0.05452761892083377,Nathalie,Durand,45,34254,10.7.2016,Nantes,Finance,En cours,-0.6049879275051071,nathalie.durand@entreprise.com,0504935408,-0.8715751007530649
-0.04811260493014745,Jean,Petit,41,61973,21.8.2015,Nice,Marketing,Actif,1.5036342550036692,jean.petit@entreprise.com,0901253824,-0.9409414315425495
-0.04169759093946112,Philippe,Richard,52,236544,17/5/2017,Nice,Logistique,Suspendu,-1.0695995948375494,philippe.richard@entreprise.com,0800406670,1.2094148229314816
-0.03528257694877479,Jean,Vincent,31,70942,11/1/2014,Bordeaux,Marketing,Actif,-0.4620304914028173,jean.vincent@entreprise.com,0204947327,-0.17791179285821604
-0.02886756295808847,Jean,Richard,56,76178,19-2-2022,Lille,RH,Suspendu,-0.8551634406841144,jean.richard@entreprise.com,0603911868,-1.7039710702268833
-0.02245254896740214,Marie,Martin,31,73595,14-7-2015,Nantes,Marketing,En cours,-1.426993185093274,marie.martin@entreprise.com,0609031153,-1.4958720778584287
-0.016037534976715815,Alain,Garcia,127,55186,11.6.2021,Marseille,Commercial,Inactif,-1.1410783128886943,alain.garcia@entreprise.com,0703786509,1.2787811537209668
-0.00962252098602949,FRANÇOISE,Lefebvre  ,31,46668,22.2.2018, Toulouse,IT,En cours,1.7180704091571037,françoise.lefebvre@entreprise.com,0604289721,-0.17791179285821604
-0.003207506995343163,Patrice,Fournier,31,36150,7.1.2022,Bordeaux,Production,Suspendu,-1.7486474163234262,patrice.fournier@entreprise.com,0203738484,0.7238505074050873
0.003207506995343163,Nathalie,Garcia,40,47314,9/10/2023,Paris,Marketing,Actif,-0.39055177335167235,nathalie.garcia@entreprise.com,0400228309,0.6544841766156027
0.00962252098602949,David,Richard,28,69166,2021-10-13,Lille,Logistique,Inactif,-1.2840357489909842,-,0501715547,-0.2472781236477007
0.016037534976715815,Philippe,Bernard,42,30004,2022-11-22,Strasbourg,Logistique,Suspendu,1.1105013057223714,philippe.bernard@entreprise.com,0606539129,-1.0103077623320345
0.02245254896740214,Marie,Richard,29,59115,2/25/2020,Montpellier,Marketing,Inactif,-1.2125570309398392,marie.richard@entreprise.com,0308159616,0.8625831689840572
0.02886756295808847,Christine,Garcia,50,40741,1/3/2017,Lyon,IT,Actif,-1.3197751080165567,christine.garcia@entreprise.com,0102595210,1.0706821613525117
0.03528257694877479,François,Simon,43,51161,19.11.2018,Montpellier,IT,Inactif,-0.10463690114709259,françois.simon@entreprise.com..,0806850791,0.5157515150366327
0.04169759093946112,Pierre,Thomas,42,49762,28.12.2015,Nantes,IT,En cours,-0.6049879275051071,pierre.thomas@entreprise.com..,0402908437,0.8625831689840572
0.04811260493014745,,Garcia,31,72480,19-6-2016,Paris,IT,Inactif,1.3606768189013791,laurent.garcia@entreprise.com,0809895171,1.0706821613525117
0.05452761892083377, Catherine ,Bernard  ,46,37920,2016-11-20, Nice,Marketing,En cours,-1.4984719031444194,catherine.bernard@entreprise,0906213217,1.417513815299936
0.0609426329115201,Françoise,Michel,64,,12/8/2017,Lyon,IT,Inactif,-0.5335092094539624,françoise.michel@entreprise.com,0906981744,-0.38601078522667054
0.06735764690220643,Anne,Laurent,39,33402,2/24/2015,Toulouse,Finance,Actif,0.6816289974155019,anne.laurent@entreprise.com,0302175375,-0.732842439174095
0.07377266089289275,Patrice,Bertrand,47,78035,2019-07-01,Strasbourg,Production,Suspendu,1.3964161779269515,patrice.bertrand@entreprise.com,0102352958,-1.7733374010163683
0.08018767488357907,Laurent,Lefebvre,62,39102,16/8/2015,Lyon,Logistique,Inactif,-0.4620304914028173,,0705887302,-1.5652384086479134
0.08660268887426541,Isabelle,Dubois,48,46294,8/18/2018,Bordeaux,Production,Inactif,1.6465916911059586,isabelle.dubois@@entreprise.com,0603949220,1.556246476878906
0.09301770286495173,Anne,Simon,64,67245,4.6.2015,Strasbourg,Marketing,En cours,-0.14037626017266494,anne.simon@entreprise.com,0203002027,-0.9409414315425495
0.09943271685563805,Marie,Leroy,51,37449,18.8.2017,Montpellier,Logistique,Suspendu,1.1819800237735167,marie.leroy@entreprise.com,0702837118,-0.03917913127924616
0.10584773084632439,Jean,Lefebvre,31,63453,19-5-2023,Lille,Production,Actif,0.3599747661853495,jean.lefebvre@entreprise.com,0408928470,0.3770188534576629
0.11226274483701071,Marie,Simon,35,41250,2021-03-09,Lyon,Finance,Inactif,0.3599747661853495,marie.simon@entreprise.com,0904002181,-0.2472781236477007
0.11867775882769703,Patrice,Lefebvre,43,31535,27-5-2022,Bordeaux,Marketing,Suspendu,0.1455386120319148,patrice.lefebvre@entreprise.com,0703437065,0.5157515150366327
0.12509277281838335,Laurent,Dubois,53,60773,12-6-2020,Lille,RH,Inactif,-0.6407272865306797,laurent.dubois@entreprise.com,0900085888,-0.1085454620687311
0.1315077868090697,,Garcia,60,42229,2022-04-01,Montpellier,Marketing,Suspendu,0.610150279364357,david.garcia@entreprise.com,0704414827,0.8625831689840572
0.13792280079975602,Jean,Moreau,33,79770,4-8-2020,Lyon,IT,Actif,1.4321555369525238,jean.moreau@entreprise,0206962556,-0.38601078522667054
0.14433781479044233,Françoise,Vincent,54,70603,2015-11-07,Strasbourg,Production,Inactif,0.6816289974155019,françoise.vincent@entreprise.com,0805234128,0.3770188534576629
0.15075282878112867,Anne,Garcia,42,55427,2-9-2021,Nice,RH,Actif,1.575112973054814,anne.garcia@entreprise.com,0106119952,-1.1490404239110044
0.157167842771815,Laurent,Bertrand,38,75723,10/2/2014,Montpellier,IT,En cours,1.6465916911059586,laurent.bertrand@entreprise.com,0409015974,1.001315830563027
0.1635828567625013,Pierre,Durand,30,72503,2014-08-24,Strasbourg,Production,Actif,-0.033158183095947584,pierre.durand@entreprise.com,0403936787,-0.38601078522667054
0.16999787075318765, Daniel ,simon,33,383,2018-10-27, Nice,Commercial,Actif,0.25275668910863214,daniel.simon@entreprise.com,0906253655,0.09955353029972373
0.17641288474387398,Nathalie,Fournier,28,71215,2021-01-19,Nantes,Production,En cours,1.1105013057223714,nathalie.fournier@entreprise.com,0709013122,-0.5941097775951251
0.1828278987345603,Nathalie,Garcia,40,77844,8/11/2023,Strasbourg,Commercial,Suspendu,1.7180704091571037,nathalie.garcia@entreprise.com,0106716561,-0.1085454620687311
0.18924291272524663,Martine,Robert,56,33244,2021-10-10,Strasbourg,RH,Inactif,-1.176817671914267,martine.robert@entreprise.com,0104366887,-1.0103077623320345
0.19565792671593296,Christine,Bernard,28,56754,15.3.2019,Strasbourg,Finance,Suspendu,-0.9266421587352595,christine.bernard@entreprise.com,0105824768,-0.8715751007530649
0.20207294070661927,Anne,Simon,55,34533,12-6-2023,Bordeaux,Marketing,En cours,-0.24759433724938232,anne.simon@entreprise.com,0205114392,-1.0796740931215194
0.2084879546973056,Isabelle,Simon,58,38396,15/5/2023,Nantes,Finance,Inactif,-0.6049879275051071,isabelle.simon@entreprise.com,-,-0.9409414315425495
0.2149029686879919,Jean,Simon,33,71781,3/8/2018,Toulouse,Logistique,Inactif,-1.569950621195564,jean.simon@entreprise.com,0406935918,-0.9409414315425495
0.22131798267867825,Christine,Thomas,58,51777,2014-04-20,Toulouse,RH,Actif,-1.3912538260677016,christine.thomas@entreprise.com,0907072805,-0.732842439174095
0.22773299666936458,François,Lefebvre,63,76933,2.10.2015,Nantes,IT,Actif,1.6465916911059586,françois.lefebvre@entreprise,0309359846,0.8625831689840572
0.2341480106600509,Patrice,Simon,42,58592,27-5-2018,Bordeaux,Logistique,Suspendu,-0.3190730553005273,patrice.simon@entreprise.com,0604625268,-0.1085454620687311
0.24056302465073723,Alain,Lefebvre,31,74945,13.10.2020,Lille,Logistique,Actif,0.07405989398076977,alain.lefebvre@entreprise.com,0105302730,-0.5941097775951251
0.24697803864142356,Laurent,Dubois,31,37462,8/24/2017,Paris,Finance,Suspendu,0.43145348423649454,laurent.dubois@entreprise.com,0203905770,-0.31664445443718564
0.25339305263210987,Alain,Martin,50,61707,2016-07-12,Lyon,Commercial,Suspendu,-0.7836847226329696,alain.martin@entreprise.com..,0203273258,1.001315830563027
0.2598080666227962,Alain,Petit,44,33559,3.8.2014,Lille,IT,Inactif,0.07405989398076977,alain.petit@entreprise.com,0501672109,0.7932168381945726
0.26622308061348254,Sylvie,Roux,57,73373,11/11/2016,Lille,Marketing,En cours,1.1105013057223714,sylvie.roux@entreprise.com,0706164177,0.23828619187869332
0.2726380946041689,Sophie,Fournier,45,46943,6-1-2018,Bordeaux,Finance,Inactif,-1.0338602358119768,sophie.fournier@entreprise.com,0804501821,-0.8715751007530649
0.2790531085948552,Nathalie,Richard,42,68225,2017-12-23,Lille,Production,Inactif,0.25275668910863214,nathalie.richard@entreprise.com,0101862145,-0.17791179285821604
0.2854681225855415,Laurent,Leroy,60,52508,12-9-2016,Lille,Logistique,Inactif,0.931804510594509,laurent.leroy@entreprise.com,0709841826,-1.4265057470689437
0.29188313657622783,Anne,Moreau,38,53561,10/24/2019,Marseille,Production,En cours,0.8245864335177919,anne.moreau@entreprise.com,0103556085,-0.2472781236477007
0.29829815056691417,Alain,Fournier,34,47346,10-5-2021,Strasbourg,Production,En cours,-0.6407272865306797,alain.fournier@entreprise.com,0809147012,-0.5941097775951251
0.3047131645576005,Michel,Bertrand,121,63265,4/27/2014,Bordeaux,Commercial,En cours,-0.9623815177608319,michel.bertrand@entreprise.com,0608588174,-1.0796740931215194
0.31112817854828684,François,Richard,64,33515,2018-01-15,Montpellier,RH,Inactif,1.1462406647479444,françois.richard@entreprise.com,-,-1.0796740931215194
0.3175431925389732,Daniel,Leroy,41,36150,18/10/2016,Nice,Finance,Suspendu,-1.5342112621699917,daniel.leroyentreprise.com,0704620897,-0.1085454620687311
0.32395820652965945,Michel,Laurent,46,45023,25/11/2017,Toulouse,Marketing,En cours,0.43145348423649454,michel.laurent@entreprise.com,0408257478,1.2787811537209668
0.3303732205203458,Sophie,Michel,45,51126,7-12-2015,Bordeaux,IT,En cours,-0.3190730553005273,sophie.michel@entreprise.com,0302833873,0.030187199510238787
0.3367882345110321,Alain,Leroy,54,73295,12/6/2020,Toulouse,Commercial,Actif,0.610150279364357,alain.leroy@entreprise.com..,0408314331,0.3770188534576629
0.34320324850171846,Michel,Moreau,57,77083,9.5.2021,Toulouse,RH,Suspendu,-0.4620304914028173,michel.moreau@entreprise.com,0202079335,-0.8022087699635799
0.3496182624924048,Christine,Roux,27,66280,12/1/2023,Lyon,IT,Suspendu,-1.2125570309398392,christine.roux@entreprise.com,0806239361,-0.03917913127924616
0.3560332764830911,Philippe,Simon,41,41020,8.11.2022,Lyon,Marketing,Actif,-0.033158183095947584,philippe.simon@entreprise.com,0409735736,1.6256128076683913
0.3624482904737774,Christine,Roux,38,71041,8/2/2014,Strasbourg,Logistique,Inactif,-1.4984719031444194,christine.roux@@entreprise.com,0604196532,-0.66347610838461
0.36886330446446375,Sophie,Garcia,33,77572,4/2/2014,Nantes,Finance,Actif,0.931804510594509,sophie.garcia@entreprise.com,0704514912,-1.3571394162794588
0.3752783184551501,Daniel,Michel,58,34305,6/3/2019,Strasbourg,Logistique,Actif,0.46719284326206717,daniel.michel@entreprise.com,0707139890,0.16891986108920837
0.3816933324458364,Catherine,Roux,43,56947,11/21/2017,Nice,Marketing,Actif,1.6823310501315314,catherine.roux@entreprise.com,0808012421,-1.1490404239110044
0.38810834643652276, David ,Lefebvre  ,58,71739,23/8/2014,LYON,Commercial,Inactif,-1.7843867753489986,david.lefebvre@entreprise.com,0105684096,0.4463851842471481
0.39452336042720904,Sylvie,Bertrand,43,67793,8/13/2018,Bordeaux,Commercial,Inactif,1.7180704091571037,sylvie.bertrand@entreprise.com,0902651257,-0.4553771160161555
0.40093837441789537,MICHEL,Leroy  ,51,41765,24-10-2014,PARIS,Marketing,Actif,-0.49776985042838967,michel.leroy@entreprise.com,0706284160,-1.4958720778584287
0.4073533884085817,Françoise,Bernard,33,43768,5/18/2019,Montpellier,Logistique,Suspendu,0.967543869620082,françoise.bernard@entreprise.com..,,-0.732842439174095
0.41376840239926804,Isabelle,Martin,55,55615,3.3.2023,Lyon,Commercial,En cours,1.6108523320803863,isabelle.martin@entreprise.com,0802119071,0.030187199510238787
0.4201834163899544,Patrice,Garcia,29,254937,27/4/2016,Marseille,Commercial,En cours,1.4678948959780962,patrice.garcia@entreprise.com,0503933618,1.001315830563027
0.4265984303806407,David,Martin,43,46775,20/7/2022,Strasbourg,RH,En cours,0.3599747661853495,david.martin@entreprise.com,0905032492,0.9319494997735425
0.433013444371327,Michel,Michel,54,72612,2/26/2021,Lyon,Production,Suspendu,1.2891981008502338,michel.michel@entreprise.com,0606046933,-0.31664445443718564
0.43942845836201333,Christine,Garcia,38,38706,24/3/2016,Lyon,Logistique,Actif,-0.9623815177608319,christine.garcia@entreprise.com,0801272604,0.3770188534576629
0.44584347235269967,Martine,Richard,,52707,2017-11-15,Bordeaux,Finance,En cours,0.8960651515689366,martine.richard@entreprise.com,0806131025,-0.38601078522667054
0.452258486343386,,Dubois,51,54714,10/8/2016,Nantes,Production,En cours,-1.2840357489909842,philippe.dubois@entreprise.com,0104243854,0.23828619187869332
0.45867350033407234,Sophie,Fournier,60,70950,26.12.2022,Nantes,Production,Suspendu,-1.0338602358119768,sophie.fournier@entreprise.com,0502751915,0.3076525226681783
0.4650885143247587,,Simon,55,79856,12/23/2021,Montpellier,Finance,En cours,0.931804510594509,christine.simon@entreprise.com,0500758652,-0.8715751007530649
0.47150352831544495,Pierre,Bernard,49,59480,2018-11-23,Bordeaux,Finance,Suspendu,0.6816289974155019,pierre.bernard@entreprise.com,0706518003,-0.9409414315425495
0.4779185423061313,DANIEL,david,44,41360,24/8/2019,MARSEILLE,Production,En cours,1.2891981008502338,daniel.david@entreprise.com,0405411485,0.3076525226681783
0.4843335562968176,Isabelle,Martin,64,49695,2021-07-10,Paris,RH,Suspendu,-0.5692485684795348,isabelle.martin@entreprise.com,0708531539,-0.8715751007530649
0.49074857028750396,Pierre,Leroy,61,54634,16/10/2015,Paris,Commercial,Inactif,1.3964161779269515,pierre.leroy@entreprise.com,0700927864,0.23828619187869332
0.4971635842781903,Michel,Lefebvre,46,59104,4-8-2020,Strasbourg,Marketing,Actif,-0.7836847226329696,,0406334772,1.001315830563027
0.5035785982688766,Sophie,Robert,25,32159,2018-04-28,Toulouse,IT,Inactif,-1.4627325441188466,sophie.robert@entreprise.com,0209036633,1.417513815299936
0.509993612259563,Marie,Simon,61,64417,13-3-2018,Bordeaux,Commercial,Actif,0.32423540715977717,marie.simon@entreprise.com,0708791923,1.417513815299936
0.5164086262502493,Sophie,Petit,44,30029,2016-06-24,Nice,Finance,Inactif,-0.06889754212151993,sophie.petit@entreprise.com,0708345775,1.556246476878906
0.5228236402409356,Sylvie,Laurent,48,38107,2015-08-28,Lyon,Logistique,Actif,1.0032832286456543,sylvie.laurent@entreprise.com,0506729239,-1.0796740931215194
0.5292386542316219,Philippe,Lefebvre,26,54688,2015-02-24,Lyon,Logistique,Suspendu,0.5029322022876396,philippe.lefebvre@entreprise.com,0203593526,0.030187199510238787
0.5356536682223082,Daniel,Fournier,46,49144,1/7/2018,Nice,IT,Inactif,-0.747945363607397,daniel.fournier@entreprise.com..,0708851269,-0.5247434468056404
0.5420686822129945,Martine,Petit,25,35209,21/5/2020,Lyon,Commercial,Inactif,0.8245864335177919,martine.petit@entreprise.com,0607821915,-1.7039710702268833
0.5484836962036809,Michel,Robert,30,40679,27-2-2017,Lyon,Commercial,Suspendu,1.4321555369525238,michel.robert@entreprise.com,0708877694,-0.2472781236477007
0.5548987101943672,Alain,Richard,33,73877,12/9/2021,Paris,Marketing,Actif,-0.676466645556252,alain.richard@entreprise.com,0904184500,-1.3571394162794588
0.5613137241850535,Sophie,Leroy,28,79051,20.10.2016,Paris,IT,En cours,-0.8194240816585421,sophie.leroy@entreprise.com,0404234294,-0.732842439174095
0.5677287381757399,Marie,Laurent,35,30451,25-4-2018,Toulouse,Marketing,En cours,-1.8201261343745714,marie.laurent@entreprise.com,0201215494,0.23828619187869332
0.5741437521664262,Michel,Moreau,35,60298,2014-03-02,Lille,Logistique,Inactif,-0.14037626017266494,michel.moreau@entreprise.com,0704805023,-0.9409414315425495
0.5805587661571125,Patrice,Moreau,45,56590,27.2.2018,Lille,Logistique,Suspendu,1.1819800237735167,patrice.moreau@entreprise.com,0800832336,0.16891986108920837
0.5869737801477989,Laurent,David,43,34824,2018-01-06,Montpellier,Commercial,En cours,0.8245864335177919,laurent.david@entreprise.com,0302932046,1.4868801460894214
0.5933887941384852,Catherine,Durand,44,74386,17/8/2015,Nice,Commercial,Actif,0.32423540715977717,catherine.durand@entreprise.com,0208141378,0.16891986108920837
0.5998038081291714,Christine,Bernard,62,,3/1/2020,Paris,Commercial,En cours,-0.9981208767864045,christine.bernard@entreprise.com,0307639810,0.5157515150366327
0.6062188221198578,Catherine,Leroy,53,58236,2016-01-11,Lyon,Marketing,Inactif,1.074761946696799,catherine.leroy@entreprise.com,0502692932,-1.6346047394373986
0.6126338361105441,François,Roux,32,39903,8-9-2014,Strasbourg,Commercial,En cours,1.5036342550036692,françois.roux@entreprise.com,0501505329,0.8625831689840572
0.6190488501012305,Alain,Garcia,47,2438,7/2/2019,Montpellier,Logistique,Suspendu,-1.2125570309398392,alain.garcia@entreprise.com,0505295519,1.2094148229314816
0.6254638640919168, Christine ,simon,59,38609,2.8.2022, Strasbourg,Finance,En cours,0.6458896383899295,christine.simon@entreprise,0601018932,0.4463851842471481
0.6318788780826031,Sophie,Thomas,27,60813,13/7/2014,Toulouse,Finance,Inactif,-1.569950621195564,sophie.thomas@entreprise.com,0103359412,0.030187199510238787
0.6382938920732895,PHILIPPE,David  ,47,63045,1/11/2014, Strasbourg,Commercial,Inactif,-0.28333369627495497,philippe.david@entreprise.com,0209148337,-1.7039710702268833
0.6447089060639758,Françoise,Richard,28,75683,2021-11-04,Marseille,Marketing,Actif,-1.3555144670421293,françoise.richard@entreprise.com,0808033721,0.3770188534576629
0.6511239200546621,Philippe,Martin,59,41961,3/7/2022,Paris,RH,Actif,1.2534587418246614,philippe.martin@entreprise.com,0203874123,-1.0103077623320345
0.6575389340453485,Alain,Lefebvre,40,55933,11/16/2020,Nantes,Logistique,Suspendu,-1.8201261343745714,alain.lefebvre@entreprise.com,0400425218,-1.0796740931215194
0.6639539480360348,Sophie,Laurent,63,6710,19-3-2014,Nice,RH,Actif,0.07405989398076977,sophie.laurent@entreprise.com,,0.23828619187869332
0.6703689620267211,Anne,Laurent,39,73082,12/18/2019,Toulouse,Marketing,En cours,-1.6771686982722815,anne.laurent@entreprise.com,0508190740,-1.5652384086479134
0.6767839760174074,Marie,Simon,63,62088,12/17/2023,Nantes,Logistique,En cours,-1.2840357489909842,marie.simon@entreprise.com,0307202679,-1.287773085489974
0.6831989900080937,Sophie,Vincent,-,35732,20-8-2015,Lille,Commercial,Actif,1.0032832286456543,sophie.vincent@entreprise.com,0605050351,-0.9409414315425495
0.68961400399878,Catherine,Moreau,27,44222,12-6-2023,Montpellier,Production,Actif,1.575112973054814,catherine.moreauentreprise.com,0607677710,-1.4958720778584287
0.6960290179894664,Isabelle,Robert,26,42203,25.6.2018,Toulouse,Logistique,Suspendu,-0.3190730553005273,isabelle.robert@entreprise.com,0506677171,0.9319494997735425
0.7024440319801527,Patrice,Garcia,42,78741,10/28/2018,Bordeaux,Logistique,En cours,1.3964161779269515,patrice.garcia@entreprise.com,,-1.6346047394373986
0.708859045970839,Anne,Roux,49,62667,2016-12-09,Strasbourg,RH,Actif,0.07405989398076977,anne.roux@entreprise.com,0504489559,0.030187199510238787
0.7152740599615254,Laurent,Robert,63,58616,25.4.2017,Nantes,RH,Suspendu,1.5393736140292416,laurent.robert@entreprise.com,0102924502,-1.4958720778584287
0.7216890739522117,Patrice,Simon,34,74188,2014-01-24,Lyon,Production,Actif,0.46719284326206717,patrice.simon@entreprise.com,0600540528,0.8625831689840572
0.728104087942898, François ,durand,33,72022,2022-09-07, Paris,Logistique,En cours,1.7180704091571037,françois.durand@entreprise.com,0209910019,1.417513815299936
0.7345191019335844, Sophie ,laurent,36,70753,11-8-2016, Paris,Marketing,Actif,-0.6407272865306797,sophie.laurent@entreprise.com,0300732435,1.417513815299936
0.7409341159242707,Anne,Michel,33,63976,6-10-2016,Bordeaux,Finance,Inactif,0.7173683564410742,anne.michel@entreprise.com,0206711827,1.3481474845104515
0.7473491299149569,Nathalie,Bertrand,32,79198,2-5-2023,Bordeaux,Commercial,Inactif,1.7180704091571037,nathalie.bertrand@entreprise.com,0704552138,0.4463851842471481
0.7537641439056433,Christine,Moreau,60,43540,24-2-2019,Paris,Finance,Actif,-0.890902799709687,christine.moreau@entreprise.com,0802707575,1.1400484921419969
0.7601791578963296,Daniel,Vincent,61,57815,2/2/2014,Nantes,RH,Inactif,-0.9981208767864045,daniel.vincent@entreprise.com,0205684425,0.8625831689840572
0.766594171887016,Christine,Richard,30,64594,19.1.2019,Marseille,Production,En cours,0.25275668910863214,christine.richard@entreprise.com,0300223368,-0.03917913127924616
0.7730091858777023,Alain,Richard,63,53523,6/2/2021,Bordeaux,Marketing,En cours,0.25275668910863214,alain.richard@entreprise.com,0300336158,1.2787811537209668
0.7794241998683886,Michel,Dubois,47,45176,2018-08-26,Paris,RH,En cours,-1.712908057297854,michel.dubois@entreprise.com,0104504377,1.2787811537209668
0.785839213859075,Alain,Bernard,33,60236,2015-12-18,Strasbourg,RH,En cours,1.6465916911059586,alain.bernard@entreprise.com,0604489194,-1.7733374010163683
0.7922542278497613,Françoise,Moreau,26,56481,19.6.2015,Toulouse,Marketing,Suspendu,1.3606768189013791,françoise.moreau@entreprise.com,0408722955,-0.5941097775951251
0.7986692418404476,Nathalie,Bernard,27,302203,20/8/2021,Strasbourg,Production,Actif,-0.4262911323772447,nathalie.bernard@entreprise.com,0908887442,-1.4958720778584287
0.805084255831134,Daniel,Simon,62,32254,1/8/2020,Lyon,Commercial,Inactif,1.074761946696799,daniel.simon@entreprise.com,0403617737,0.8625831689840572
0.8114992698218203,Sophie,Dubois,43,61168,2/11/2022,Nantes,Logistique,Actif,1.5393736140292416,sophie.dubois@entreprise.com,0506102255,0.09955353029972373
0.8179142838125066,Marie,Dubois,46,56892,3-3-2023,,Commercial,Inactif,1.2891981008502338,marie.dubois@entreprise.com,0305060732,0.7932168381945726
0.8243292978031929,Alain,Bertrand,41,1064,28-7-2020,Strasbourg,Finance,Suspendu,0.8245864335177919,alain.bertrand@entreprise.com,0804605131,-1.4958720778584287
0.8307443117938792,David,Thomas,58,31160,16/12/2020,Strasbourg,RH,En cours,1.1105013057223714,david.thomas@entreprise.com,0106062897,-1.4265057470689437
0.8371593257845655,Philippe,Michel,,10246,8/15/2023,Paris,IT,Suspendu,-1.7486474163234262,philippe.michel@entreprise,0509854937,-0.1085454620687311
0.8435743397752519,Laurent,Vincent,36,31316,4/9/2018,Lyon,Finance,Inactif,-0.17611561919823762,laurent.vincent@entreprise.com,0604655483,0.6544841766156027
0.8499893537659382,Michel,Lefebvre,25,54496,6/22/2020,Montpellier,Finance,Suspendu,0.43145348423649454,michel.lefebvre@entreprise.com,0201978046,-0.17791179285821604
0.8564043677566245, Anne ,Martin  ,51,68350,2022-07-02, Lyon,RH,Suspendu,0.6458896383899295,anne.martin@entreprise.com,0902262939,1.4868801460894214
0.8628193817473109,Daniel,Vincent,58,75660,10/19/2019,Toulouse,IT,Inactif,0.3957141252109222,daniel.vincent@entreprise.com,0607468207,-0.5247434468056404
0.8692343957379972,Nathalie,Bertrand,25,,2021-04-11,Marseille,Logistique,Inactif,1.3606768189013791,nathalie.bertrand@entreprise.com,0407193995,-0.4553771160161555
0.8756494097286835,Marie,Thomas,46,67135,26/12/2018,Toulouse,Logistique,Actif,1.5036342550036692,marie.thomas@entreprise.com,0501328380,-1.5652384086479134
0.8820644237193699,Anne,Petit,60,54417,21.2.2015,Montpellier,RH,Suspendu,0.8960651515689366,anne.petit@entreprise.com,0901442217,1.6256128076683913
0.8884794377100562,Isabelle,Moreau,30,60058,4/27/2015,Paris,Production,En cours,-1.7486474163234262,isabelle.moreau@entreprise.com,0408943963,1.0706821613525117
0.8948944517007426,Marie,Thomas,44,53064,22.1.2014,Lyon,Marketing,En cours,-0.06889754212151993,marie.thomas@entreprise.com,0302456716,-0.5247434468056404
0.9013094656914288,François,Bernard,27,59712,25/10/2017,Nantes,Commercial,Actif,-1.2840357489909842,françois.bernard@entreprise.com,0405767290,-1.0103077623320345
0.9077244796821151,Marie,Vincent,60,73445,5.9.2018,Montpellier,IT,En cours,-0.033158183095947584,marie.vincent@entreprise.com,0509781540,-0.5941097775951251
0.9141394936728015,Pierre,Bernard,35,30340,28-6-2019,Nantes,Finance,Actif,-0.28333369627495497,pierre.bernard@entreprise.com,0908843216,0.3076525226681783
0.9205545076634878,Nathalie,Laurent,35,40760,8.10.2022,Paris,Production,Actif,1.0390225876712267,nathalie.laurent@entreprise.com,0702678104,0.9319494997735425
0.9269695216541741,Françoise,Michel,7,77601,21/2/2022,Nice,Finance,Suspendu,0.931804510594509,françoise.michel@entreprise.com,0208427595,0.8625831689840572
0.9333845356448605,Sophie,Moreau,25,41322,22.2.2020,Lyon,Finance,Inactif,-0.3548124143261,sophie.moreau@entreprise.com,0302793001,-1.287773085489974
0.9397995496355468,Martine,Petit,39,35967,27-8-2023,Paris,Marketing,Suspendu,1.1462406647479444,martine.petit@entreprise.com,0603886680,1.2094148229314816
0.9462145636262331,Christine,Dubois,41,9044,10.4.2016,Toulouse,Commercial,Inactif,0.6816289974155019,christine.dubois@entreprise.com,0709676905,0.6544841766156027
0.9526295776169195,Catherine,Fournier,40,44067,1/21/2017,Montpellier,Logistique,Actif,1.0390225876712267,catherine.fournier@entreprise,0905585148,-1.218406754700489
0.9590445916076058,Sylvie,Dubois,54,59591,2/17/2019,Nantes,RH,Suspendu,-0.5692485684795348,-,0200239494,0.7932168381945726
0.9654596055982921,ALAIN,Martin  ,26,895,21/2/2016, Nantes,Finance,En cours,-1.176817671914267,alain.martin@entreprise.com,0706896222,-1.287773085489974
0.9718746195889784,Françoise,Roux,31,40430,2020-06-13,Paris,Marketing,Suspendu,0.18127797105748714,françoise.roux@entreprise.com,0306524672,-1.7039710702268833
0.9782896335796647,Alain,Martin,42,68317,7/16/2019,Bordeaux,Logistique,En cours,0.931804510594509,alain.martin@@entreprise.com,-,0.16891986108920837
0.984704647570351,Philippe,David,34,41311,19.11.2014,Bordeaux,IT,Inactif,1.4678948959780962,philippe.david@entreprise.com,0708436542,1.6949791384578758
0.9911196615610374,Daniel,Simon,,32572,2019-12-24,Nantes,IT,Actif,-1.3555144670421293,daniel.simon@entreprise.com,0404938738,0.3770188534576629
0.9975346755517237,Marie,Fournier,26,44276,2016-08-11,Montpellier,Finance,En cours,-1.8201261343745714,marie.fournier@entreprise.com,0704570501,1.6256128076683913
1.00394968954241,Pierre,Thomas,36,48347,6-8-2018,Lyon,RH,En cours,-0.24759433724938232,pierre.thomas@entreprise.com,0406450282,0.09955353029972373
1.0103647035330963,Marie,Vincent,31,38456,4-12-2022,Lyon,Production,Suspendu,1.6108523320803863,marie.vincent@entreprise.com,0806382929,0.5157515150366327
1.0167797175237827,Michel,Durand,31,49856,2018-07-10,Lyon,RH,En cours,1.6465916911059586,michel.durand@entreprise.com,0902759478,0.7238505074050873
1.023194731514469, Alain ,vincent,38,62681,9/3/2022, Lille,Production,En cours,-1.176817671914267,alain.vincent@entreprise.com,0102371307,-1.0796740931215194
1.0296097455051554,Nathalie,David,35,43715,2016-12-19,,Marketing,Suspendu,0.18127797105748714,nathalie.david@entreprise.com,0801843941,0.3076525226681783
1.0360247594958416,Laurent,Thomas,95,37389,2018-09-05,Lyon,IT,Suspendu,-1.426993185093274,laurent.thomas@entreprise.com,0909477682,0.7932168381945726
1.042439773486528,Patrice,Fournier,47,35880,23-8-2014,Nice,Commercial,Suspendu,-0.10463690114709259,patrice.fournier@entreprise.com,0304050392,-1.218406754700489
1.0488547874772143,Alain,Bertrand,62,60727,22.1.2017,Bordeaux,RH,Actif,-0.14037626017266494,alain.bertrand@entreprise.com,0708415113,-1.1490404239110044
1.0552698014679007,Marie,Roux,35,76032,3/10/2019,Nantes,Marketing,Inactif,0.1455386120319148,marie.roux@entreprise.com,0409132064,-0.38601078522667054
1.061684815458587,Daniel,Fournier,62,53187,10.10.2019,Lille,IT,Inactif,0.32423540715977717,daniel.fournier@entreprise.com,0805074084,-1.0103077623320345
1.0680998294492734,Martine,Moreau,28,60756,24-4-2014,Marseille,Finance,Suspendu,-0.9623815177608319,martine.moreau@entreprise.com,0800807280,0.9319494997735425
1.0745148434399596,Daniel,Vincent,43,67776,9.8.2017,Strasbourg,Production,En cours,1.3249374598758068,daniel.vincent@entreprise.com,0901426509,0.8625831689840572
1.080929857430646,Anne,Michel,31,45222,25-5-2016,Bordeaux,Production,Suspendu,-1.641429339246709,anne.michel@entreprise.com,0601836006,-1.1490404239110044
1.0873448714213323, Alain ,Robert  ,42,55162,10/26/2023, Montpellier,Commercial,Inactif,-1.3912538260677016,alain.robert@entreprise.com,0409622734,1.2787811537209668
1.0937598854120185,François,Robert,32,58691,13.7.2016,Toulouse,Logistique,Inactif,-0.24759433724938232,françois.robert@entreprise.com,0706553307,1.6256128076683913
1.100174899402705,Sylvie,Dubois,47,35449,2021-12-15,Montpellier,Marketing,Inactif,-0.6049879275051071,sylvie.dubois@entreprise.com,0409368644,0.6544841766156027
1.1065899133933912,-,Laurent,64,30380,2/9/2014,Toulouse,Logistique,Inactif,-0.4620304914028173,isabelle.laurent@entreprise.com,0605552695,-1.5652384086479134
1.1130049273840776,Jean,Dubois,26,71390,27/4/2018,Montpellier,Finance,Inactif,0.7531077154666466,jean.dubois@entreprise.com,0601882469,0.23828619187869332
1.1194199413747639,Pierre,Robert,44,53854,3/9/2016,Marseille,Logistique,Inactif,-1.3197751080165567,pierre.robert@@entreprise.com,0308907645,1.4868801460894214
1.1258349553654503,Anne,Laurent,,74371,9.5.2016,Bordeaux,Logistique,Actif,-1.3912538260677016,anne.laurent@entreprise.com,0305186390,-0.8022087699635799
1.1322499693561365,Françoise,Lefebvre,34,60841,3/27/2023,Nantes,RH,Actif,1.2891981008502338,françoise.lefebvre@entreprise.com,0105045950,0.7932168381945726
1.138664983346823,Pierre,Thomas,55,59732,23/3/2019,Bordeaux,Marketing,En cours,-1.7843867753489986,pierre.thomas@entreprise.com,0806266028,-0.9409414315425495
1.1450799973375092,CATHERINE,david,37,58543,27.5.2016, Marseille,Finance,Inactif,-0.033158183095947584,catherine.david@entreprise.com,0409956785,0.7238505074050873
1.1514950113281957,Catherine,Roux,60,58061,11-2-2019,Marseille,IT,Inactif,-0.3190730553005273,catherine.roux@entreprise.com,0507650400,-1.5652384086479134
1.1579100253188819,Isabelle,Laurent,42,70093,9-7-2023,Bordeaux,Production,Actif,0.3599747661853495,isabelle.laurent@entreprise.com,0600619693,-0.2472781236477007
1.164325039309568,David,Moreau,,46959,6.9.2015,Strasbourg,Commercial,Actif,-0.17611561919823762,david.moreau@entreprise.com,0305556356,-1.4265057470689437
1.1707400533002545,Pierre,Durand,36,54230,1-8-2016,Nice,Finance,Actif,-1.5342112621699917,pierre.durand@entreprise.com,0308257147,0.3076525226681783
1.1771550672909408,Daniel,Dubois,49,63919,12-5-2014,Lille,Logistique,Actif,0.32423540715977717,daniel.dubois@entreprise.com,0501802311,0.585117845826118
1.1835700812816272,Daniel,Vincent,40,58268,16/1/2019,Toulouse,Commercial,Inactif,-0.7836847226329696,daniel.vincent@entreprise.com,-,-1.4265057470689437
1.1899850952723134,Françoise,Garcia,37,,15.1.2015,Marseille,Finance,Inactif,-1.4984719031444194,françoise.garcia@entreprise.com,0305164821,0.09955353029972373
1.196400109263,Philippe,David,45,32122,11/5/2019,Marseille,Commercial,Inactif,1.3249374598758068,philippe.david@entreprise.com,0207296515,1.417513815299936
1.2028151232536861,Pierre,Bernard,26,45881,17/1/2020,Nantes,Marketing,Inactif,-1.7843867753489986,pierre.bernard@entreprise.com,0502746405,0.7238505074050873
1.2092301372443726,Christine,Roux,36,61183,8/1/2023,Montpellier,IT,Suspendu,1.6108523320803863,christine.roux@entreprise.com,0808215547,-0.8022087699635799
1.2156451512350588,,Vincent,55,64863,2021-09-21,Nice,Logistique,Actif,-0.24759433724938232,catherine.vincent@entreprise.com,0809198838,-1.6346047394373986
1.2220601652257452,Philippe,Fournier,32,70404,7/10/2022,Nantes,RH,En cours,-0.10463690114709259,philippe.fournier@entreprise.com,0304168445,-0.5247434468056404
1.2284751792164315,Isabelle,Dubois,60,75887,8/1/2014,Lyon,IT,Suspendu,-0.24759433724938232,isabelle.dubois@entreprise.com,0506089911,0.3076525226681783
1.2348901932071177,Pierre,Martin,43,74738,16/9/2017,Nantes,Logistique,En cours,1.3964161779269515,pierre.martin@entreprise.com,0101001057,0.9319494997735425
1.2413052071978041,Patrice,Vincent,32,79281,2020-01-17,Lyon,RH,Inactif,0.07405989398076977,patrice.vincent@entreprise.com,0906153322,-1.218406754700489
1.2477202211884904,Martine,Moreau,53,76481,27-1-2019,Toulouse,IT,Inactif,-0.9981208767864045,martine.moreau@entreprise.com,0901173312,-1.218406754700489
1.2541352351791768,David,Vincent,32,31030,2015-05-16,Lyon,Marketing,Suspendu,0.3599747661853495,david.vincent@entreprise.com,0800792394,-0.5247434468056404
1.260550249169863,Jean,Martin,58,55787,2023-05-04,Paris,RH,Inactif,0.8245864335177919,jean.martin@entreprise.com,0500347822,-1.3571394162794588
1.2669652631605495,LAURENT,David  ,53,73576,3-10-2020,NICE,RH,En cours,1.6108523320803863,laurent.david@entreprise.com,0909912843,0.6544841766156027
1.2733802771512357,David,Fournier,44,76826,11/18/2021,Toulouse,Finance,Actif,0.25275668910863214,david.fournier@entreprise.com,0901573036,-0.5247434468056404
1.2797952911419221,Catherine,Durand,34,73457,15/9/2017,Nantes,RH,Inactif,0.7888470744922196,catherine.durand@entreprise.com,0201460526,-0.1085454620687311
1.2862103051326084,Isabelle,Martin,64,57108,2018-04-28,Nice,Production,En cours,1.217719382799089,isabelle.martin@entreprise.com,0100456610,0.030187199510238787
1.2926253191232948,Michel,Thomas,29,63250,2/25/2022,Toulouse,Logistique,Actif,-0.747945363607397,michel.thomas@entreprise.com,0505959238,0.3770188534576629
1.299040333113981,Marie,Robert,35,70297,7.8.2018,Nice,IT,Actif,0.03832053495519743,marie.robert@entreprise.com,0607362092,0.7238505074050873
1.3054553471046675,Catherine,Moreau,64,31476,2023-09-10,Marseille,IT,Inactif,1.3249374598758068,catherine.moreau@entreprise,0104696516,-1.0103077623320345
1.3118703610953537,Alain,Bernard,27,57024,24.8.2017,Lyon,Marketing,Actif,0.967543869620082,alain.bernard@entreprise.com,0606337198,-0.8022087699635799
1.31828537508604,Christine,Leroy,,55315,17.2.2021,Bordeaux,Production,Suspendu,-1.2840357489909842,christine.leroy@entreprise.com,0409992967,0.7932168381945726
1.3247003890767264,Christine,Richard,35,71084,7.9.2018,Lille,RH,Actif,-0.4262911323772447,christine.richard@entreprise.com,0202003274,-0.5941097775951251
1.3311154030674126,Martine,Petit,42,78340,4/13/2017,Bordeaux,RH,Inactif,1.2534587418246614,martine.petit@entreprise.com,0700796732,1.556246476878906
1.337530417058099,JEAN,Thomas  ,49,47018,24-11-2016,LYON,Commercial,Inactif,0.03832053495519743,jean.thomas@entreprise.com,0505442234,1.0706821613525117
1.3439454310487853,Nathalie,Leroy,59,74268,2/1/2020,Nantes,Production,Inactif,0.1455386120319148,nathalie.leroy@entreprise.com,0808081895,1.1400484921419969
1.3503604450394717,Catherine,Lefebvre,44,9372,1/12/2020,Nantes,Logistique,En cours,0.18127797105748714,catherine.lefebvre@entreprise.com,0108413032,0.5157515150366327
1.356775459030158,Jean,Leroy,55,67547,3/5/2016,Bordeaux,Logistique,Inactif,-0.4262911323772447,jean.leroy@entreprise.com,0804414740,1.4868801460894214
1.3631904730208444,Pierre,Lefebvre,55,67156,14-1-2023,Montpellier,RH,Suspendu,0.07405989398076977,pierre.lefebvre@entreprise.com,0100392921,-1.0796740931215194
1.3696054870115306,Anne,David,53,61690,2022-10-27,Lille,Commercial,Inactif,-0.8551634406841144,anne.david@entreprise.com,0904825454,1.2787811537209668
1.376020501002217,Martine,Dubois,43,42499,3/10/2022,Bordeaux,Logistique,Suspendu,-0.8551634406841144,martine.dubois@entreprise.com,0202419599,-0.8022087699635799
1.3824355149929033, Sophie ,bernard,30,63373,2018-06-24, Nantes,Production,Actif,1.3964161779269515,sophie.bernard@entreprise.com,0307032916,-1.287773085489974
1.3888505289835895,Christine,Roux,56,51891,2017-06-19,Paris,Production,En cours,0.10979925300634244,christine.roux@entreprise.com,0807166395,0.030187199510238787
1.395265542974276,Laurent,Richard,48,40804,22/2/2021,Toulouse,Finance,En cours,0.5744109203387846,laurent.richard@entreprise.com,0302663799,-0.17791179285821604
1.4016805569649622,Anne,Leroy,62,67618,24.9.2023,Montpellier,Logistique,En cours,0.7173683564410742,anne.leroy@entreprise.com,,0.7238505074050873
1.4080955709556486,Laurent,Bernard,58,43071,3/3/2017,Nice,Production,Suspendu,0.25275668910863214,laurent.bernard@entreprise.com,0905662063,1.2787811537209668
1.4145105849463349,Philippe,Petit,57,58461,8.11.2017,Montpellier,Production,Inactif,0.7173683564410742,philippe.petit@entreprise.com,0102720959,0.09955353029972373
1.4209255989370213,Sophie,Roux,28,77830,5/7/2021,Strasbourg,Logistique,Actif,-0.3190730553005273,sophie.roux@entreprise.com,0109060024,1.6256128076683913
1.4273406129277075, n/a ,robert,62,64639,21.1.2022,LILLE,Logistique,Inactif,-0.6049879275051071,christine.robert@entreprise.com,0605505449,-0.2472781236477007
1.433755626918394,SOPHIE,thomas,28,61233,18/10/2015, Strasbourg,Production,En cours,-1.4627325441188466,sophie.thomas@entreprise.com,0708316809,-0.4553771160161555
1.4401706409090802,Christine,Leroy,41,46480,5/12/2022,Paris,Logistique,Actif,1.5393736140292416,christine.leroy@entreprise.com,0304918104,0.8625831689840572
1.4465856548997666,François,Simon,42,43433,2015-10-06,Bordeaux,Production,Suspendu,-1.4984719031444194,françois.simon@entreprise.com,0905193024,1.6256128076683913
1.4530006688904529,Martine,Vincent,33,55630,6-9-2021,Lyon,IT,Suspendu,1.074761946696799,martine.vincent@entreprise.com,,1.556246476878906
1.459415682881139,Martine,Roux,56,65001,11.9.2019,Paris,Production,Inactif,-1.0695995948375494,martine.roux@entreprise.com,0804522401,-1.1490404239110044
1.4658306968718255,Jean,Vincent,52,75404,2023-03-03,Montpellier,IT,En cours,-0.890902799709687,jean.vincent@entreprise.com,0105450179,-1.4958720778584287
1.4722457108625118, Isabelle ,Robert  ,31,,25-1-2016,LILLE,Finance,Suspendu,0.610150279364357,isabelle.robert@entreprise.com,0100832062,1.001315830563027
1.4786607248531982,Laurent,Bernard,62,78234,28.7.2019,Marseille,Commercial,Actif,-1.1053389538631218,laurent .bernard@entreprise.com,0604922780 ,0.8625831689840572
1.4850757388438844,Laurent,Garcia,61,55791,16.5.2022,Lille,Production,Suspendu,-1.176817671914267,laurent.garcia@entreprise.com,0103348408,-0.38601078522667054
1.4914907528345709,Laurent,Richard,48,40804,22/2/2021,Toulouse,Finance,En cours,0.5744109203387846,laurent .richard@entreprise.com,0302663799 ,-0.17791179285821604
1.4979057668252571, Sophie ,bernard,30,63373,2018-06-24, Nantes,Production,Actif,1.3964161779269515,sophie.bernard@entreprise.com,0307032916,-1.287773085489974
1.5043207808159436,Christine,Richard,30,64594,19.1.2019,Marseille,Production,En cours,0.25275668910863214,christine .richard@entreprise.com,0300223368 ,-0.03917913127924616
1.5107357948066298,Catherine,David,50,50288,17/8/2017,Nice,Finance,Actif,0.2884960481342048,catherine.david@entreprise.com,0107479006,0.6544841766156027
1.5171508087973162,Marie,Dubois,64,79744,19/7/2015,Nice,RH,Suspendu,-1.4627325441188466,marie.dubois@entreprise.com,0200344373,-0.66347610838461
1.5235658227880025,Patrice,Bertrand,47,78035,2019-07-01,Strasbourg,Production,Suspendu,1.3964161779269515,patrice.bertrand@entreprise.com,0102352958,-1.7733374010163683
1.529980836778689,Sylvie,Simon,35,59250,6-12-2022,Nice,Production,Inactif,0.5744109203387846,sylvie.simon@entreprise.com,0903687595,0.6544841766156027
1.5363958507693751,Laurent,Richard,48,40804,22/2/2021,Toulouse,Finance,En cours,0.5744109203387846,laurent.richard@entreprise.com,0302663799,-0.17791179285821604
1.5428108647600614,Jean,Vincent,52,75404,2023-03-03,Montpellier,IT,En cours,-0.890902799709687,jean .vincent@entreprise.com,0105450179 ,-1.4958720778584287
1.5492258787507478,David,Richard,28,69166,2021-10-13,Lille,Logistique,Inactif,-1.2840357489909842,-,0501715547 ,-0.2472781236477007
1.555640892741434,Sylvie,Fournier,43,53323,28-3-2016,Paris,Finance,Inactif,-0.17611561919823762,sylvie .fournier@entreprise.com,0504081547 ,-0.66347610838461
1.5620559067321205,Daniel,Fournier,62,53187,10.10.2019,Lille,IT,Inactif,0.32423540715977717,daniel.fournier@entreprise.com,0805074084,-1.0103077623320345
1.5684709207228067,Patrice,Fournier,47,35880,23-8-2014,Nice,Commercial,Suspendu,-0.10463690114709259,patrice .fournier@entreprise.com,0304050392 ,-1.218406754700489
1.5748859347134931,Martine,Roux,56,65001,11.9.2019,Paris,Production,Inactif,-1.0695995948375494,martine.roux@entreprise.com,0804522401,-1.1490404239110044
1.5813009487041794,Sophie,Roux,30,72132,28.6.2014,Paris,Marketing,Actif,-0.5692485684795348,sophie.roux@entreprise.com,0905612899,-1.0103077623320345
1.5877159626948658, François ,durand,33,72022,2022-09-07, Paris,Logistique,En cours,1.7180704091571037,françois.durand@entreprise.com,0209910019,1.417513815299936
1.594130976685552,Alain,Roux,52,78160,10/3/2014,Nice,RH,Inactif,0.18127797105748714,alain .roux@entreprise.com,0705081237 ,0.9319494997735425
1.6005459906762385,Patrice,Garcia,29,254937,27/4/2016,Marseille,Commercial,En cours,1.4678948959780962,patrice.garcia@entreprise.com,0503933618,1.001315830563027
1.6069610046669247,David,Petit,45,56888,2023-08-28,Bordeaux,Marketing,Inactif,0.43145348423649454,david.petit@entreprise,0505370279,1.4868801460894214
1.613376018657611,Isabelle,Simon,42,67980,11/15/2022,Strasbourg,Production,Actif,0.8603257925433643,isabelle.simon@entreprise.com,0708435009,1.0706821613525117
1.6197910326482974,Daniel,Leroy,35,38213,5.3.2016,Nantes,Logistique,Actif,1.5393736140292416,daniel .leroy@entreprise.com,0803878578 ,-1.7039710702268833
1.6262060466389836,Alain,Martin,33,31879,13.1.2023,Paris,Logistique,Actif,-0.8194240816585421,alain.martin@entreprise.com,,0.09955353029972373
1.63262106062967,Marie,Martin,52,71801,21-8-2022,Nantes,Commercial,Inactif,-0.033158183095947584,marie.martin@entreprise.com,0902209947,-0.1085454620687311
1.6390360746203563,,Laurent,49,76668,10.6.2023,Paris,IT,Inactif,-0.9266421587352595,sylvie .laurent@entreprise.com,0908114472 ,0.7238505074050873
1.6454510886110427,Laurent,Thomas,95,37389,2018-09-05,Lyon,IT,Suspendu,-1.426993185093274,laurent.thomas@entreprise.com,0909477682,0.7932168381945726
1.651866102601729,Françoise,Garcia,37,,15.1.2015,Marseille,Finance,Inactif,-1.4984719031444194,françoise.garcia@entreprise.com,0305164821,0.09955353029972373
1.6582811165924154,CATHERINE,david,37,58543,27.5.2016, Marseille,Finance,Inactif,-0.033158183095947584,catherine.david@entreprise.com,0409956785,0.7238505074050873
1.6646961305831016,Isabelle,Martin,30,36994,2018-07-18,Nantes,Production,Suspendu,0.07405989398076977,isabelle.martin@entreprise.com,0604496990,-1.4958720778584287
1.671111144573788, #N/A ,thomas,29,45389,2-12-2021, Montpellier,Logistique,Actif,0.6458896383899295,alain.thomas@entreprise.com,0807859115,0.030187199510238787
1.6775261585644743,François,David,48,37225,9.5.2020,Nantes,RH,En cours,0.2884960481342048,françois.david@entreprise.com,0602464616,1.2094148229314816
1.6839411725551605,Sylvie,Dubois,54,59591,2/17/2019,Nantes,RH,Suspendu,-0.5692485684795348,-,0200239494 ,0.7932168381945726
1.690356186545847,,Bernard,43,54052,2017-04-01,Nice,Commercial,Inactif,-1.2125570309398392,daniel.bernard@entreprise.com,0908814838,0.23828619187869332
1.6967712005365332,Nathalie,Moreau,26,-,10.1.2019,Paris,IT,Actif,1.2891981008502338,nathalie.moreau@entreprise.com,0509466029,-1.0103077623320345
1.7031862145272196,Martine,David,45,72734,17/9/2017,Nantes,Finance,Inactif,-0.06889754212151993,martine.david@entreprise.com,0408775466,1.2094148229314816
1.7096012285179059,François,Simon,43,51161,19.11.2018,Montpellier,IT,Inactif,-0.10463690114709259,françois .simon@entreprise.com..,0806850791 ,0.5157515150366327
1.7160162425085923,David,Michel,58,31974,6-4-2018,Marseille,Finance,Actif,0.18127797105748714,david.michel@entreprise.com,0905351518,0.3076525226681783
1.7224312564992785,François,Richard,64,,7/20/2014,Nice,Logistique,En cours,-0.21185497822380997,françois.richard@entreprise.com,0509381755,0.7238505074050873
1.728846270489965,Laurent,Bernard,62,78234,28.7.2019,Marseille,Commercial,Actif,-1.1053389538631218,laurent .bernard@entreprise.com,0604922780 ,0.8625831689840572
